CREATE DATABASE  IF NOT EXISTS `escola` /*!40100 DEFAULT CHARACTER SET latin1 */;
USE `escola`;
-- MySQL dump 10.13  Distrib 5.7.24, for Linux (x86_64)
--
-- Host: 10.98.1.8    Database: escola
-- ------------------------------------------------------
-- Server version	5.5.58

/*!40101 SET @OLD_CHARACTER_SET_CLIENT=@@CHARACTER_SET_CLIENT */;
/*!40101 SET @OLD_CHARACTER_SET_RESULTS=@@CHARACTER_SET_RESULTS */;
/*!40101 SET @OLD_COLLATION_CONNECTION=@@COLLATION_CONNECTION */;
/*!40101 SET NAMES utf8 */;
/*!40103 SET @OLD_TIME_ZONE=@@TIME_ZONE */;
/*!40103 SET TIME_ZONE='+00:00' */;
/*!40014 SET @OLD_UNIQUE_CHECKS=@@UNIQUE_CHECKS, UNIQUE_CHECKS=0 */;
/*!40014 SET @OLD_FOREIGN_KEY_CHECKS=@@FOREIGN_KEY_CHECKS, FOREIGN_KEY_CHECKS=0 */;
/*!40101 SET @OLD_SQL_MODE=@@SQL_MODE, SQL_MODE='NO_AUTO_VALUE_ON_ZERO' */;
/*!40111 SET @OLD_SQL_NOTES=@@SQL_NOTES, SQL_NOTES=0 */;

--
-- Table structure for table `tblgestor`
--

DROP TABLE IF EXISTS `tblgestor`;
/*!40101 SET @saved_cs_client     = @@character_set_client */;
/*!40101 SET character_set_client = utf8 */;
CREATE TABLE `tblgestor` (
  `codigo_imovel` int(11) DEFAULT NULL,
  `tipo_eleito` varchar(45) DEFAULT NULL,
  `cargo` varchar(45) DEFAULT NULL,
  `situacao_cargo` varchar(45) DEFAULT NULL,
  `matricula` varchar(45) DEFAULT NULL,
  `nome` varchar(45) DEFAULT NULL,
  `cpf` varchar(45) DEFAULT NULL,
  `telefone` varchar(45) DEFAULT NULL,
  `celular` varchar(45) DEFAULT NULL,
  `celular2` varchar(45) DEFAULT NULL,
  `email` varchar(45) DEFAULT NULL,
  KEY `fk_tblgestor_1_idx` (`codigo_imovel`),
  CONSTRAINT `fk_tblgestor_1` FOREIGN KEY (`codigo_imovel`) REFERENCES `tblimovel` (`codigo`) ON DELETE NO ACTION ON UPDATE NO ACTION
) ENGINE=InnoDB DEFAULT CHARSET=latin1;
/*!40101 SET character_set_client = @saved_cs_client */;

--
-- Dumping data for table `tblgestor`
--

LOCK TABLES `tblgestor` WRITE;
/*!40000 ALTER TABLE `tblgestor` DISABLE KEYS */;
INSERT INTO `tblgestor` VALUES (88,'ELEITO','GESTOR GERAL','','920,132.00','DEURIVAN R SAMPAIO','157.606.503-00','','(98)99126-6721','','DEURIVANSAMPAIO@OI.COM.BR'),(88,'ELEITO','GESTOR AUXILIAR','','1,147,677.00','SILVIO CARDOSO DINIZ','215.894.023-91','','(98)98816-5187','','SILVIO_15DINIZ@HOTMAIL.COM'),(88,'NAO ELEITO 2016','GESTOR AUXILIAR','','','JOAO SOARES DA FONSECA','','','(98)99169-5531','',''),(367,'NAO ELEITO 2016','GESTOR GERAL','','1,727,288.00','BRUNA WANESSA D. COELHO RODRIGUES','644.129.033-20','','(99)98242-1514','(99)98242-1514','BRUNA_WANESSA@HOTMAIL.COM'),(367,'NAO ELEITO 2016','GESTOR AUXILIAR','','640,733.00','MARIA DULCINEIA DUARTE ARAGAO','471.741.533-72','','(99)98220-2221','(99)98220-2221','DUARTEDULCI23@HOTMAIL.COM');
/*!40000 ALTER TABLE `tblgestor` ENABLE KEYS */;
UNLOCK TABLES;

--
-- Table structure for table `tblimovel`
--

DROP TABLE IF EXISTS `tblimovel`;
/*!40101 SET @saved_cs_client     = @@character_set_client */;
/*!40101 SET character_set_client = utf8 */;
CREATE TABLE `tblimovel` (
  `codigo` int(11) NOT NULL,
  `codigo_mae` varchar(45) DEFAULT NULL,
  `regional` varchar(45) DEFAULT NULL,
  `cidade` varchar(45) DEFAULT NULL,
  `inep` varchar(45) DEFAULT NULL,
  `anexo` varchar(45) DEFAULT NULL,
  `descricao` varchar(200) DEFAULT NULL,
  `nome` varchar(45) DEFAULT NULL,
  `modalidade` varchar(45) DEFAULT NULL,
  `situacao` varchar(45) DEFAULT NULL,
  `ocupacao` varchar(45) DEFAULT NULL,
  `educacao_infantil_presencial` varchar(45) DEFAULT NULL,
  `anos_finais_presencial` varchar(45) DEFAULT NULL,
  `ensino_medio_presencial` varchar(45) DEFAULT NULL,
  `educacao_profissional_presencial` varchar(45) DEFAULT NULL,
  `eja_presencial` varchar(45) DEFAULT NULL,
  `eja_semipresencial` varchar(45) DEFAULT NULL,
  `magisterio_ead` varchar(45) DEFAULT NULL,
  `eja_ead` varchar(45) DEFAULT NULL,
  `educacao_presencial_ead` varchar(45) DEFAULT NULL,
  `total_escolarizacao` varchar(45) DEFAULT NULL,
  `cep` varchar(45) DEFAULT NULL,
  `logradouro` varchar(45) DEFAULT NULL,
  `numero` varchar(45) DEFAULT NULL,
  `complemento` varchar(45) DEFAULT NULL,
  `bairro` varchar(45) DEFAULT NULL,
  `data_cadastro` varchar(45) DEFAULT NULL,
  `ultima_atualizacao` varchar(45) DEFAULT NULL,
  `latitude` varchar(45) DEFAULT NULL,
  `longitude` varchar(45) DEFAULT NULL,
  `anos_iniciais_presencial` varchar(45) DEFAULT NULL,
  `educacao_profissional_ead` varchar(45) DEFAULT NULL,
  PRIMARY KEY (`codigo`)
) ENGINE=InnoDB DEFAULT CHARSET=latin1;
/*!40101 SET character_set_client = @saved_cs_client */;

--
-- Dumping data for table `tblimovel`
--

LOCK TABLES `tblimovel` WRITE;
/*!40000 ALTER TABLE `tblimovel` DISABLE KEYS */;
INSERT INTO `tblimovel` VALUES (88,'88','SAO LUIS','SAO LUIS','21,009,848.00','MAE','CENTRO DE ENSINO','LICEU MARANHENSE','REGULAR','EM ATIVIDADE','PROPRIO','0.00','0.00','2,175.00','0.00','0.00','0.00','0.00','0.00','','2,175.00','65.020-180','PARQUE URBANO SANTOS','SN','','CENTRO','9/22/2016 0:00','9/30/2017 0:00','-2,5294717906742','-44,294640859715','0.00','0.00'),(367,'367','BACABAL','BACABAL','21,100,560.00','MAE','COLEGIO MILITAR','TIRADENTES','REGULAR','EM ATIVIDADE','PROPRIO','0.00','359.00','354.00','0.00','10.00','0.00','0.00','0.00','','723.00','65.700-000','RUA FREDERICO LEDA','','','CENTRO','9/22/2016 0:00','8/3/2017 0:00','-4,08146459013248','-44,7928142733872','0.00','0.00');
/*!40000 ALTER TABLE `tblimovel` ENABLE KEYS */;
UNLOCK TABLES;

--
-- Table structure for table `tblrepasses`
--

DROP TABLE IF EXISTS `tblrepasses`;
/*!40101 SET @saved_cs_client     = @@character_set_client */;
/*!40101 SET character_set_client = utf8 */;
CREATE TABLE `tblrepasses` (
  `codigo_imovel` int(11) DEFAULT NULL,
  `tipo_repasse` varchar(45) DEFAULT NULL,
  `codigo_caixa_escolar` varchar(45) DEFAULT NULL,
  `ano_parcela` varchar(45) DEFAULT NULL,
  `nivel_ensino` varchar(45) DEFAULT NULL,
  `etapa_ensino` varchar(45) DEFAULT NULL,
  `descricao_repasse` varchar(300) DEFAULT NULL,
  `numero_parcela` varchar(45) DEFAULT NULL,
  `valor` varchar(45) DEFAULT NULL,
  `numero_processo` varchar(45) DEFAULT NULL,
  `ano_processo` varchar(45) DEFAULT NULL,
  KEY `fk_tblrepasses_1_idx` (`codigo_imovel`),
  CONSTRAINT `fk_tblrepasses_1` FOREIGN KEY (`codigo_imovel`) REFERENCES `tblimovel` (`codigo`) ON DELETE NO ACTION ON UPDATE NO ACTION
) ENGINE=InnoDB DEFAULT CHARSET=latin1;
/*!40101 SET character_set_client = @saved_cs_client */;

--
-- Dumping data for table `tblrepasses`
--

LOCK TABLES `tblrepasses` WRITE;
/*!40000 ALTER TABLE `tblrepasses` DISABLE KEYS */;
INSERT INTO `tblrepasses` VALUES (88,'MANUTENCAO','1,861.00','2,017.00','MEDIO E FUNDAMENTAL','','3ª PARCELA DO REPASSE CONVENCIONAL 2017','3.00','13,593.75','',''),(88,'MANUTENCAO','1,861.00','2,013.00','','','REPASSE AS CAIXA ESCOLARES PARA O DESFILE ESTUDANTIL 2013','1.00','19,185.00','7,361.00','2,013.00'),(88,'MANUTENCAO','1,861.00','2,013.00','MEDIO','','','1.00','14,981.25','7,361.00','2,014.00'),(88,'MANUTENCAO','1,861.00','2,013.00','MEDIO','','','2.00','14,981.25','5,607.00','2,013.00'),(88,'MANUTENCAO','1,861.00','2,014.00','MEDIO','','4º REPASSE CONVENCIONAL REFERENTE AO ANO DE 2013','4.00','14,981.25','74,393.00','2,014.00'),(88,'MANUTENCAO','1,861.00','2,014.00','MEDIO','','1ªPARCELA DO REPASSE CONVENCIONAL','1.00','14,631.25','9,815.00','2,015.00'),(88,'PAGAMENTO TERCEIROS','1,861.00','2,014.00','MEDIO','','REPASSE EXTRA DE RECURSO FINANCEIRO PARA CUSTEAR DESPESAS COM SERVICO DE INSTALACAO DE AR CONDICIONADO.','1.00','7,000.00','9,810.00','2,015.00'),(88,'MANUTENCAO','1,861.00','2,014.00','MEDIO','','REPASSE EXTRA DE RECURSO FINANCEIRO DESTINADO A DESPESAS COM PEQUENOS SERVICOS DE ENGENHARIA.','1.00','14,000.00','9,810.00','2,015.00'),(88,'OUTROS','1,861.00','2,014.00','MEDIO E FUNDAMENTAL','','REPASSE EXTRA DE RECURSOS FINANCEIRO PARA CUSTEAR DESPESAS NA COMPRA DE VESTIMENTAS AOS ALUNOS QUE PARTICIPACAO DO ENCONTRO NACIONAL PARLAMENTO JUVENIL DO MERCOSUL','1.00','960.00','15,117.00','2,015.00'),(88,'MANUTENCAO','1,861.00','2,014.00','MEDIO','','2ªPARCELA DO REPASSE CONVENCIONAL','2.00','14,631.25','9,815.00','2,015.00'),(88,'MANUTENCAO','1,861.00','2,014.00','','','REPASSE EXTRA DE RECURSO FINANCEIRO DESTINADO A REALIZACAO DO DESFILE ESTUDANTIL 2014.','1.00','12,339.00','9,819.00','2,015.00'),(88,'MANUTENCAO','1,861.00','2,013.00','MEDIO','','','2.00','14,981.25','5,607.00','2,013.00'),(88,'MANUTENCAO','1,861.00','2,014.00','MEDIO','','4º REPASSE CONVENCIONAL REFERENTE AO ANO DE 2013','4.00','14,981.25','74,393.00','2,014.00'),(88,'MANUTENCAO','1,861.00','2,014.00','MEDIO','','1ªPARCELA DO REPASSE CONVENCIONAL','1.00','14,631.25','9,815.00','2,015.00'),(88,'PAGAMENTO TERCEIROS','1,861.00','2,014.00','MEDIO','','REPASSE EXTRA DE RECURSO FINANCEIRO PARA CUSTEAR DESPESAS COM SERVICO DE INSTALACAO DE AR CONDICIONADO.','1.00','7,000.00','9,810.00','2,015.00'),(88,'MANUTENCAO','1,861.00','2,014.00','MEDIO','','REPASSE EXTRA DE RECURSO FINANCEIRO DESTINADO A DESPESAS COM PEQUENOS SERVICOS DE ENGENHARIA.','1.00','14,000.00','9,810.00','2,015.00'),(88,'OUTROS','1,861.00','2,014.00','MEDIO E FUNDAMENTAL','','REPASSE EXTRA DE RECURSOS FINANCEIRO PARA CUSTEAR DESPESAS NA COMPRA DE VESTIMENTAS AOS ALUNOS QUE PARTICIPACAO DO ENCONTRO NACIONAL PARLAMENTO JUVENIL DO MERCOSUL','1.00','960.00','15,117.00','2,015.00'),(88,'MANUTENCAO','1,861.00','2,014.00','MEDIO','','2ªPARCELA DO REPASSE CONVENCIONAL','2.00','14,631.25','9,815.00','2,015.00'),(88,'MANUTENCAO','1,861.00','2,014.00','','','REPASSE EXTRA DE RECURSO FINANCEIRO DESTINADO A REALIZACAO DO DESFILE ESTUDANTIL 2014.','1.00','12,339.00','9,819.00','2,015.00'),(88,'MANUTENCAO','1,861.00','2,014.00','MEDIO','','3ªPARCELA DO REPASSE CONVENCIONAL','3.00','14,631.25','18,237.00','2,015.00'),(88,'MANUTENCAO','1,861.00','2,015.00','MEDIO','','1ª PARCELA DO REPASSE CONVENCIONAL','1.00','14,012.50','20,584.00','2,016.00'),(88,'MANUTENCAO','1,861.00','2,015.00','MEDIO','','2ª PARCELA DO REPASSE CONVENCIONAL','2.00','14,012.50','20,584.00','2,016.00'),(88,'MANUTENCAO','1,861.00','2,015.00','MEDIO','','CUSTEIO DE DESPESAS COM O PROJETO JOVEM EMBAIXADOR NOS ESTADOS UNIDOS DA AMERICA.','1.00','3,840.00','221,287.00','2,016.00'),(88,'MANUTENCAO','1,861.00','2,016.00','','','1º REPASSE DO EMERGENCIAL PARA AS ESCOLAS DO ENSINO MEDIO.','1.00','2,000.00','221,303.00','2,016.00'),(88,'MANUTENCAO','1,861.00','2,016.00','MEDIO','','1ª PARCELA DO REPASSE CONVENCIONAL 2016','1.00','13,450.00','474.00','2,017.00'),(88,'MANUTENCAO','1,861.00','2,016.00','MEDIO','','2ª PARCELA DO REPASSE CONVENCIONAL 2016','2.00','13,450.00','474.00','2,017.00'),(88,'MANUTENCAO','1,861.00','2,016.00','MEDIO','','3ª PARCELA DO REPASSE CONVENCIONAL 2016','3.00','13,450.00','476.00','2,017.00'),(88,'MANUTENCAO','1,861.00','2,016.00','MEDIO','','4ª PARCELA DO REPASSE CONVENCIONAL 2016','4.00','13,450.00','476.00','2,017.00'),(88,'OUTROS','1,861.00','2,016.00','MEDIO','','REPASSE EXTRA PARA SUPRIR AS DESPESAS COM ESCOLAS DA REDE ESTADUAL QUE OBTIVERAM OS MELHORES RESULTADOS NO ENEM 2015.','1.00','10,000.00','451.00','2,017.00'),(88,'MANUTENCAO','1,861.00','2,017.00','MEDIO','','1ª PARCELA DO REPASSE CONVENCIONAL 2017','1.00','13,593.75','188,486.00','2,017.00'),(88,'MANUTENCAO','1,861.00','2,017.00','MEDIO','','2ª PARCELA DO REPASSE CONVENCIONAL 2017','2.00','13,593.75','188,486.00','2,017.00'),(88,'MANUTENCAO','1,861.00','2,017.00','MEDIO E FUNDAMENTAL','','3ª PARCELA DO REPASSE CONVENCIONAL 2017','3.00','13,593.75','',''),(88,'MANUTENCAO','1,861.00','2,014.00','MEDIO','','3º REPASSE CONVENCIONAL REFERENTE AO ANO DE 2013','3.00','14,981.25','74,378.00','2,014.00'),(88,'MANUTENCAO','1,861.00','2,013.00','','','REPASSE AS CAIXA ESCOLARES PARA O DESFILE ESTUDANTIL 2013','1.00','19,185.00','7,361.00','2,013.00'),(88,'MANUTENCAO','1,861.00','2,013.00','MEDIO','','','1.00','14,981.25','7,361.00','2,014.00'),(88,'MANUTENCAO','1,861.00','2,013.00','MEDIO','','','2.00','14,981.25','5,607.00','2,013.00'),(88,'MANUTENCAO','1,861.00','2,014.00','MEDIO','','4º REPASSE CONVENCIONAL REFERENTE AO ANO DE 2013','4.00','14,981.25','74,393.00','2,014.00'),(88,'MANUTENCAO','1,861.00','2,014.00','MEDIO','','1ªPARCELA DO REPASSE CONVENCIONAL','1.00','14,631.25','9,815.00','2,015.00'),(88,'PAGAMENTO TERCEIROS','1,861.00','2,014.00','MEDIO','','REPASSE EXTRA DE RECURSO FINANCEIRO PARA CUSTEAR DESPESAS COM SERVICO DE INSTALACAO DE AR CONDICIONADO.','1.00','7,000.00','9,810.00','2,015.00'),(88,'MANUTENCAO','1,861.00','2,014.00','MEDIO','','REPASSE EXTRA DE RECURSO FINANCEIRO DESTINADO A DESPESAS COM PEQUENOS SERVICOS DE ENGENHARIA.','1.00','14,000.00','9,810.00','2,015.00'),(88,'OUTROS','1,861.00','2,014.00','MEDIO E FUNDAMENTAL','','REPASSE EXTRA DE RECURSOS FINANCEIRO PARA CUSTEAR DESPESAS NA COMPRA DE VESTIMENTAS AOS ALUNOS QUE PARTICIPACAO DO ENCONTRO NACIONAL PARLAMENTO JUVENIL DO MERCOSUL','1.00','960.00','15,117.00','2,015.00'),(88,'MANUTENCAO','1,861.00','2,014.00','MEDIO','','2ªPARCELA DO REPASSE CONVENCIONAL','2.00','14,631.25','9,815.00','2,015.00'),(88,'MANUTENCAO','1,861.00','2,014.00','','','REPASSE EXTRA DE RECURSO FINANCEIRO DESTINADO A REALIZACAO DO DESFILE ESTUDANTIL 2014.','1.00','12,339.00','9,819.00','2,015.00'),(88,'MANUTENCAO','1,861.00','2,014.00','MEDIO','','3ªPARCELA DO REPASSE CONVENCIONAL','3.00','14,631.25','18,237.00','2,015.00'),(88,'MANUTENCAO','1,861.00','2,015.00','MEDIO','','1ª PARCELA DO REPASSE CONVENCIONAL','1.00','14,012.50','20,584.00','2,016.00'),(88,'MANUTENCAO','1,861.00','2,015.00','MEDIO','','2ª PARCELA DO REPASSE CONVENCIONAL','2.00','14,012.50','20,584.00','2,016.00'),(88,'MANUTENCAO','1,861.00','2,015.00','MEDIO','','CUSTEIO DE DESPESAS COM O PROJETO JOVEM EMBAIXADOR NOS ESTADOS UNIDOS DA AMERICA.','1.00','3,840.00','221,287.00','2,016.00'),(88,'MANUTENCAO','1,861.00','2,016.00','','','1º REPASSE DO EMERGENCIAL PARA AS ESCOLAS DO ENSINO MEDIO.','1.00','2,000.00','221,303.00','2,016.00'),(88,'MANUTENCAO','1,861.00','2,016.00','MEDIO','','1ª PARCELA DO REPASSE CONVENCIONAL 2016','1.00','13,450.00','474.00','2,017.00'),(88,'MANUTENCAO','1,861.00','2,016.00','MEDIO','','2ª PARCELA DO REPASSE CONVENCIONAL 2016','2.00','13,450.00','474.00','2,017.00'),(88,'MANUTENCAO','1,861.00','2,016.00','MEDIO','','3ª PARCELA DO REPASSE CONVENCIONAL 2016','3.00','13,450.00','476.00','2,017.00'),(88,'MANUTENCAO','1,861.00','2,016.00','MEDIO','','4ª PARCELA DO REPASSE CONVENCIONAL 2016','4.00','13,450.00','476.00','2,017.00'),(88,'OUTROS','1,861.00','2,016.00','MEDIO','','REPASSE EXTRA PARA SUPRIR AS DESPESAS COM ESCOLAS DA REDE ESTADUAL QUE OBTIVERAM OS MELHORES RESULTADOS NO ENEM 2015.','1.00','10,000.00','451.00','2,017.00'),(88,'MANUTENCAO','1,861.00','2,017.00','MEDIO','','1ª PARCELA DO REPASSE CONVENCIONAL 2017','1.00','13,593.75','188,486.00','2,017.00'),(88,'MANUTENCAO','1,861.00','2,017.00','MEDIO','','2ª PARCELA DO REPASSE CONVENCIONAL 2017','2.00','13,593.75','188,486.00','2,017.00'),(88,'MANUTENCAO','1,861.00','2,014.00','MEDIO','','3º REPASSE CONVENCIONAL REFERENTE AO ANO DE 2013','3.00','14,981.25','74,378.00','2,014.00'),(88,'MANUTENCAO','1,861.00','2,014.00','MEDIO','','3ªPARCELA DO REPASSE CONVENCIONAL','3.00','14,631.25','18,237.00','2,015.00'),(88,'MANUTENCAO','1,861.00','2,015.00','MEDIO','','1ª PARCELA DO REPASSE CONVENCIONAL','1.00','14,012.50','20,584.00','2,016.00'),(88,'MANUTENCAO','1,861.00','2,015.00','MEDIO','','2ª PARCELA DO REPASSE CONVENCIONAL','2.00','14,012.50','20,584.00','2,016.00'),(88,'MANUTENCAO','1,861.00','2,015.00','MEDIO','','CUSTEIO DE DESPESAS COM O PROJETO JOVEM EMBAIXADOR NOS ESTADOS UNIDOS DA AMERICA.','1.00','3,840.00','221,287.00','2,016.00'),(88,'MANUTENCAO','1,861.00','2,016.00','','','1º REPASSE DO EMERGENCIAL PARA AS ESCOLAS DO ENSINO MEDIO.','1.00','2,000.00','221,303.00','2,016.00'),(88,'MANUTENCAO','1,861.00','2,016.00','MEDIO','','1ª PARCELA DO REPASSE CONVENCIONAL 2016','1.00','13,450.00','474.00','2,017.00'),(88,'MANUTENCAO','1,861.00','2,016.00','MEDIO','','2ª PARCELA DO REPASSE CONVENCIONAL 2016','2.00','13,450.00','474.00','2,017.00'),(88,'MANUTENCAO','1,861.00','2,016.00','MEDIO','','3ª PARCELA DO REPASSE CONVENCIONAL 2016','3.00','13,450.00','476.00','2,017.00'),(88,'MANUTENCAO','1,861.00','2,016.00','MEDIO','','4ª PARCELA DO REPASSE CONVENCIONAL 2016','4.00','13,450.00','476.00','2,017.00'),(88,'OUTROS','1,861.00','2,016.00','MEDIO','','REPASSE EXTRA PARA SUPRIR AS DESPESAS COM ESCOLAS DA REDE ESTADUAL QUE OBTIVERAM OS MELHORES RESULTADOS NO ENEM 2015.','1.00','10,000.00','451.00','2,017.00'),(88,'MANUTENCAO','1,861.00','2,017.00','MEDIO','','1ª PARCELA DO REPASSE CONVENCIONAL 2017','1.00','13,593.75','188,486.00','2,017.00'),(88,'MANUTENCAO','1,861.00','2,017.00','MEDIO','','2ª PARCELA DO REPASSE CONVENCIONAL 2017','2.00','13,593.75','188,486.00','2,017.00'),(88,'MANUTENCAO','1,861.00','2,017.00','MEDIO E FUNDAMENTAL','','3ª PARCELA DO REPASSE CONVENCIONAL 2017','3.00','13,593.75','',''),(88,'MANUTENCAO','1,861.00','2,014.00','MEDIO','','3º REPASSE CONVENCIONAL REFERENTE AO ANO DE 2013','3.00','14,981.25','74,378.00','2,014.00'),(88,'MANUTENCAO','1,861.00','2,013.00','','','REPASSE AS CAIXA ESCOLARES PARA O DESFILE ESTUDANTIL 2013','1.00','19,185.00','7,361.00','2,013.00'),(88,'MANUTENCAO','1,861.00','2,013.00','MEDIO','','','1.00','14,981.25','7,361.00','2,014.00'),(88,'MANUTENCAO','1,861.00','2,013.00','MEDIO','','','2.00','14,981.25','5,607.00','2,013.00'),(88,'MANUTENCAO','1,861.00','2,014.00','MEDIO','','4º REPASSE CONVENCIONAL REFERENTE AO ANO DE 2013','4.00','14,981.25','74,393.00','2,014.00'),(88,'MANUTENCAO','1,861.00','2,014.00','MEDIO','','1ªPARCELA DO REPASSE CONVENCIONAL','1.00','14,631.25','9,815.00','2,015.00'),(88,'PAGAMENTO TERCEIROS','1,861.00','2,014.00','MEDIO','','REPASSE EXTRA DE RECURSO FINANCEIRO PARA CUSTEAR DESPESAS COM SERVICO DE INSTALACAO DE AR CONDICIONADO.','1.00','7,000.00','9,810.00','2,015.00'),(88,'MANUTENCAO','1,861.00','2,014.00','MEDIO','','REPASSE EXTRA DE RECURSO FINANCEIRO DESTINADO A DESPESAS COM PEQUENOS SERVICOS DE ENGENHARIA.','1.00','14,000.00','9,810.00','2,015.00'),(88,'OUTROS','1,861.00','2,014.00','MEDIO E FUNDAMENTAL','','REPASSE EXTRA DE RECURSOS FINANCEIRO PARA CUSTEAR DESPESAS NA COMPRA DE VESTIMENTAS AOS ALUNOS QUE PARTICIPACAO DO ENCONTRO NACIONAL PARLAMENTO JUVENIL DO MERCOSUL','1.00','960.00','15,117.00','2,015.00'),(88,'MANUTENCAO','1,861.00','2,014.00','MEDIO','','2ªPARCELA DO REPASSE CONVENCIONAL','2.00','14,631.25','9,815.00','2,015.00'),(88,'MANUTENCAO','1,861.00','2,014.00','','','REPASSE EXTRA DE RECURSO FINANCEIRO DESTINADO A REALIZACAO DO DESFILE ESTUDANTIL 2014.','1.00','12,339.00','9,819.00','2,015.00'),(88,'MANUTENCAO','1,861.00','2,014.00','MEDIO','','3ªPARCELA DO REPASSE CONVENCIONAL','3.00','14,631.25','18,237.00','2,015.00'),(88,'MANUTENCAO','1,861.00','2,015.00','MEDIO','','1ª PARCELA DO REPASSE CONVENCIONAL','1.00','14,012.50','20,584.00','2,016.00'),(88,'MANUTENCAO','1,861.00','2,015.00','MEDIO','','2ª PARCELA DO REPASSE CONVENCIONAL','2.00','14,012.50','20,584.00','2,016.00'),(88,'MANUTENCAO','1,861.00','2,015.00','MEDIO','','CUSTEIO DE DESPESAS COM O PROJETO JOVEM EMBAIXADOR NOS ESTADOS UNIDOS DA AMERICA.','1.00','3,840.00','221,287.00','2,016.00'),(88,'MANUTENCAO','1,861.00','2,016.00','','','1º REPASSE DO EMERGENCIAL PARA AS ESCOLAS DO ENSINO MEDIO.','1.00','2,000.00','221,303.00','2,016.00'),(88,'MANUTENCAO','1,861.00','2,016.00','MEDIO','','1ª PARCELA DO REPASSE CONVENCIONAL 2016','1.00','13,450.00','474.00','2,017.00'),(88,'MANUTENCAO','1,861.00','2,016.00','MEDIO','','2ª PARCELA DO REPASSE CONVENCIONAL 2016','2.00','13,450.00','474.00','2,017.00'),(88,'MANUTENCAO','1,861.00','2,016.00','MEDIO','','3ª PARCELA DO REPASSE CONVENCIONAL 2016','3.00','13,450.00','476.00','2,017.00'),(88,'MANUTENCAO','1,861.00','2,016.00','MEDIO','','4ª PARCELA DO REPASSE CONVENCIONAL 2016','4.00','13,450.00','476.00','2,017.00'),(88,'OUTROS','1,861.00','2,016.00','MEDIO','','REPASSE EXTRA PARA SUPRIR AS DESPESAS COM ESCOLAS DA REDE ESTADUAL QUE OBTIVERAM OS MELHORES RESULTADOS NO ENEM 2015.','1.00','10,000.00','451.00','2,017.00'),(88,'MANUTENCAO','1,861.00','2,017.00','MEDIO','','1ª PARCELA DO REPASSE CONVENCIONAL 2017','1.00','13,593.75','188,486.00','2,017.00'),(88,'MANUTENCAO','1,861.00','2,017.00','MEDIO','','2ª PARCELA DO REPASSE CONVENCIONAL 2017','2.00','13,593.75','188,486.00','2,017.00'),(88,'MANUTENCAO','1,861.00','2,017.00','MEDIO E FUNDAMENTAL','','3ª PARCELA DO REPASSE CONVENCIONAL 2017','3.00','13,593.75','',''),(88,'MANUTENCAO','1,861.00','2,014.00','MEDIO','','3º REPASSE CONVENCIONAL REFERENTE AO ANO DE 2013','3.00','14,981.25','74,378.00','2,014.00'),(88,'MANUTENCAO','1,861.00','2,013.00','','','REPASSE AS CAIXA ESCOLARES PARA O DESFILE ESTUDANTIL 2013','1.00','19,185.00','7,361.00','2,013.00'),(88,'MANUTENCAO','1,861.00','2,013.00','MEDIO','','','1.00','14,981.25','7,361.00','2,014.00'),(88,'MANUTENCAO','1,861.00','2,013.00','MEDIO','','','2.00','14,981.25','5,607.00','2,013.00'),(88,'MANUTENCAO','1,861.00','2,014.00','MEDIO','','4º REPASSE CONVENCIONAL REFERENTE AO ANO DE 2013','4.00','14,981.25','74,393.00','2,014.00'),(88,'MANUTENCAO','1,861.00','2,014.00','MEDIO','','1ªPARCELA DO REPASSE CONVENCIONAL','1.00','14,631.25','9,815.00','2,015.00'),(88,'PAGAMENTO TERCEIROS','1,861.00','2,014.00','MEDIO','','REPASSE EXTRA DE RECURSO FINANCEIRO PARA CUSTEAR DESPESAS COM SERVICO DE INSTALACAO DE AR CONDICIONADO.','1.00','7,000.00','9,810.00','2,015.00'),(88,'MANUTENCAO','1,861.00','2,014.00','MEDIO','','REPASSE EXTRA DE RECURSO FINANCEIRO DESTINADO A DESPESAS COM PEQUENOS SERVICOS DE ENGENHARIA.','1.00','14,000.00','9,810.00','2,015.00'),(88,'OUTROS','1,861.00','2,014.00','MEDIO E FUNDAMENTAL','','REPASSE EXTRA DE RECURSOS FINANCEIRO PARA CUSTEAR DESPESAS NA COMPRA DE VESTIMENTAS AOS ALUNOS QUE PARTICIPACAO DO ENCONTRO NACIONAL PARLAMENTO JUVENIL DO MERCOSUL','1.00','960.00','15,117.00','2,015.00'),(88,'MANUTENCAO','1,861.00','2,014.00','MEDIO','','2ªPARCELA DO REPASSE CONVENCIONAL','2.00','14,631.25','9,815.00','2,015.00'),(88,'MANUTENCAO','1,861.00','2,014.00','','','REPASSE EXTRA DE RECURSO FINANCEIRO DESTINADO A REALIZACAO DO DESFILE ESTUDANTIL 2014.','1.00','12,339.00','9,819.00','2,015.00'),(88,'MANUTENCAO','1,861.00','2,014.00','MEDIO','','3ªPARCELA DO REPASSE CONVENCIONAL','3.00','14,631.25','18,237.00','2,015.00'),(88,'MANUTENCAO','1,861.00','2,015.00','MEDIO','','1ª PARCELA DO REPASSE CONVENCIONAL','1.00','14,012.50','20,584.00','2,016.00'),(88,'MANUTENCAO','1,861.00','2,015.00','MEDIO','','2ª PARCELA DO REPASSE CONVENCIONAL','2.00','14,012.50','20,584.00','2,016.00'),(88,'MANUTENCAO','1,861.00','2,015.00','MEDIO','','CUSTEIO DE DESPESAS COM O PROJETO JOVEM EMBAIXADOR NOS ESTADOS UNIDOS DA AMERICA.','1.00','3,840.00','221,287.00','2,016.00'),(88,'MANUTENCAO','1,861.00','2,016.00','','','1º REPASSE DO EMERGENCIAL PARA AS ESCOLAS DO ENSINO MEDIO.','1.00','2,000.00','221,303.00','2,016.00'),(88,'MANUTENCAO','1,861.00','2,016.00','MEDIO','','1ª PARCELA DO REPASSE CONVENCIONAL 2016','1.00','13,450.00','474.00','2,017.00'),(88,'MANUTENCAO','1,861.00','2,016.00','MEDIO','','2ª PARCELA DO REPASSE CONVENCIONAL 2016','2.00','13,450.00','474.00','2,017.00'),(88,'MANUTENCAO','1,861.00','2,016.00','MEDIO','','3ª PARCELA DO REPASSE CONVENCIONAL 2016','3.00','13,450.00','476.00','2,017.00'),(88,'MANUTENCAO','1,861.00','2,016.00','MEDIO','','4ª PARCELA DO REPASSE CONVENCIONAL 2016','4.00','13,450.00','476.00','2,017.00'),(88,'OUTROS','1,861.00','2,016.00','MEDIO','','REPASSE EXTRA PARA SUPRIR AS DESPESAS COM ESCOLAS DA REDE ESTADUAL QUE OBTIVERAM OS MELHORES RESULTADOS NO ENEM 2015.','1.00','10,000.00','451.00','2,017.00'),(88,'MANUTENCAO','1,861.00','2,017.00','MEDIO','','1ª PARCELA DO REPASSE CONVENCIONAL 2017','1.00','13,593.75','188,486.00','2,017.00'),(88,'MANUTENCAO','1,861.00','2,017.00','MEDIO','','2ª PARCELA DO REPASSE CONVENCIONAL 2017','2.00','13,593.75','188,486.00','2,017.00'),(88,'MANUTENCAO','1,861.00','2,017.00','MEDIO E FUNDAMENTAL','','3ª PARCELA DO REPASSE CONVENCIONAL 2017','3.00','13,593.75','',''),(88,'MANUTENCAO','1,861.00','2,014.00','MEDIO','','3º REPASSE CONVENCIONAL REFERENTE AO ANO DE 2013','3.00','14,981.25','74,378.00','2,014.00'),(88,'MANUTENCAO','1,861.00','2,013.00','','','REPASSE AS CAIXA ESCOLARES PARA O DESFILE ESTUDANTIL 2013','1.00','19,185.00','7,361.00','2,013.00'),(88,'MANUTENCAO','1,861.00','2,013.00','MEDIO','','','1.00','14,981.25','7,361.00','2,014.00'),(367,'MANUTENCAO','2,192.00','2,014.00','FUNDAMENTAL','','2ªPARCELA DO REPASSE CONVENCIONAL','2.00','2,025.00','250,614.00','2,016.00'),(367,'MANUTENCAO','2,192.00','2,017.00','MEDIO','','1ª PARCELA DO REPASSE CONVENCIONAL 2017','1.00','2,212.50','241,957.00','2,017.00'),(367,'MANUTENCAO','2,192.00','2,015.00','MEDIO','','1ª PARCELA DO REPASSE CONVENCIONAL','1.00','2,143.75','250,619.00','2,016.00'),(367,'MANUTENCAO','2,192.00','2,015.00','MEDIO','','1ª PARCELA DO REPASSE CONVENCIONAL','1.00','2,143.75','250,619.00','2,016.00'),(367,'MANUTENCAO','2,192.00','2,015.00','FUNDAMENTAL','','1ª PARCELA DO REPASSE CONVENCIONAL','1.00','2,125.00','250,619.00','2,016.00'),(367,'OUTROS','2,192.00','2,016.00','MEDIO','','REPASSE EXTRA PARA DESPESAS COM ESCOLA QUE OBTIVERAM OS MELHORES RESULTADOS NO ENEM 2016.','1.00','10,000.00','83,942.00','2,017.00'),(367,'MANUTENCAO','2,192.00','2,017.00','MEDIO','','2ª PARCELA DO REPASSE CONVENCIONAL 2017','2.00','2,212.50','241,957.00','2,017.00'),(367,'MANUTENCAO','2,192.00','2,017.00','MEDIO','','1ª PARCELA DO REPASSE CONVENCIONAL 2017','1.00','2,212.50','241,957.00','2,017.00'),(367,'MANUTENCAO','2,192.00','2,016.00','','','SEGUNDO REPASSE EMERGENCIAL PARA ESCOLAS DE ENSINO FUNDAMENTAL E MEDIO.','1.00','2,000.00','19,285.00','2,017.00'),(367,'MANUTENCAO','2,192.00','2,017.00','FUNDAMENTAL','','1ª PARCELA DO REPASSE CONVENCIONAL 2017','1.00','2,243.75','241,957.00','2,017.00'),(367,'OUTROS','2,192.00','2,016.00','MEDIO','','REPASSE EXTRA PARA DESPESAS COM ESCOLA QUE OBTIVERAM OS MELHORES RESULTADOS NO ENEM 2016.','1.00','10,000.00','83,942.00','2,017.00'),(367,'MANUTENCAO','2,192.00','2,017.00','MEDIO','','2ª PARCELA DO REPASSE CONVENCIONAL 2017','2.00','2,212.50','241,957.00','2,017.00'),(367,'MANUTENCAO','2,192.00','2,017.00','FUNDAMENTAL','','2ª PARCELA DO REPASSE CONVENCIONAL 2017','2.00','2,243.75','241,957.00','2,017.00'),(367,'MANUTENCAO','2,192.00','2,015.00','FUNDAMENTAL','','1ª PARCELA DO REPASSE CONVENCIONAL','1.00','2,125.00','250,619.00','2,016.00'),(367,'OUTROS','2,192.00','2,016.00','MEDIO','','REPASSE EXTRA PARA DESPESAS COM ESCOLA QUE OBTIVERAM OS MELHORES RESULTADOS NO ENEM 2016.','1.00','10,000.00','83,942.00','2,017.00'),(367,'MANUTENCAO','2,192.00','2,017.00','MEDIO','','1ª PARCELA DO REPASSE CONVENCIONAL 2017','1.00','2,212.50','241,957.00','2,017.00'),(367,'MANUTENCAO','2,192.00','2,017.00','MEDIO','','1ª PARCELA DO REPASSE CONVENCIONAL 2017','1.00','2,212.50','',''),(367,'MANUTENCAO','2,192.00','2,017.00','FUNDAMENTAL','','1ª PARCELA DO REPASSE CONVENCIONAL 2017','1.00','2,243.75','',''),(367,'MANUTENCAO','2,192.00','2,017.00','FUNDAMENTAL','','1ª PARCELA DO REPASSE CONVENCIONAL 2017','1.00','2,243.75','241,957.00','2,017.00'),(367,'MANUTENCAO','2,192.00','2,017.00','MEDIO','','2ª PARCELA DO REPASSE CONVENCIONAL 2017','2.00','2,212.50','',''),(367,'MANUTENCAO','2,192.00','2,017.00','FUNDAMENTAL','','2ª PARCELA DO REPASSE CONVENCIONAL 2017','2.00','2,243.75','',''),(367,'MANUTENCAO','2,192.00','2,017.00','FUNDAMENTAL','','2ª PARCELA DO REPASSE CONVENCIONAL 2017','2.00','2,243.75','241,957.00','2,017.00'),(367,'MANUTENCAO','2,192.00','2,017.00','MEDIO','','2ª PARCELA DO REPASSE CONVENCIONAL 2017','2.00','2,212.50','241,957.00','2,017.00'),(367,'MANUTENCAO','2,192.00','2,017.00','FUNDAMENTAL','','2ª PARCELA DO REPASSE CONVENCIONAL 2017','2.00','2,243.75','241,957.00','2,017.00'),(367,'MANUTENCAO','2,192.00','2,017.00','FUNDAMENTAL','','1ª PARCELA DO REPASSE CONVENCIONAL 2017','1.00','2,243.75','241,957.00','2,017.00'),(367,'MANUTENCAO','2,192.00','2,017.00','FUNDAMENTAL','','2ª PARCELA DO REPASSE CONVENCIONAL 2017','2.00','2,243.75','241,957.00','2,017.00'),(367,'MANUTENCAO','2,192.00','2,016.00','','','SEGUNDO REPASSE EMERGENCIAL PARA ESCOLAS DE ENSINO FUNDAMENTAL E MEDIO.','1.00','2,000.00','19,285.00','2,017.00'),(367,'MANUTENCAO','2,192.00','2,016.00','','','SEGUNDO REPASSE EMERGENCIAL PARA ESCOLAS DE ENSINO FUNDAMENTAL E MEDIO.','1.00','2,000.00','19,285.00','2,017.00'),(367,'MANUTENCAO','2,192.00','2,014.00','FUNDAMENTAL','','2ªPARCELA DO REPASSE CONVENCIONAL','2.00','2,025.00','250,614.00','2,016.00'),(367,'OUTROS','2,192.00','2,016.00','MEDIO','','REPASSE EXTRA PARA DESPESAS COM ESCOLA QUE OBTIVERAM OS MELHORES RESULTADOS NO ENEM 2016.','1.00','10,000.00','83,942.00','2,017.00'),(367,'MANUTENCAO','2,192.00','2,014.00','FUNDAMENTAL','','2ªPARCELA DO REPASSE CONVENCIONAL','2.00','2,025.00','250,614.00','2,016.00'),(367,'MANUTENCAO','2,192.00','2,015.00','MEDIO','','1ª PARCELA DO REPASSE CONVENCIONAL','1.00','2,143.75','250,619.00','2,016.00'),(367,'MANUTENCAO','2,192.00','2,015.00','MEDIO','','1ª PARCELA DO REPASSE CONVENCIONAL','1.00','2,143.75','250,619.00','2,016.00'),(367,'MANUTENCAO','2,192.00','2,014.00','FUNDAMENTAL','','2ªPARCELA DO REPASSE CONVENCIONAL','2.00','2,025.00','250,614.00','2,016.00'),(367,'MANUTENCAO','2,192.00','2,017.00','MEDIO','','2ª PARCELA DO REPASSE CONVENCIONAL 2017','2.00','2,212.50','241,957.00','2,017.00'),(367,'MANUTENCAO','2,192.00','2,015.00','MEDIO','','1ª PARCELA DO REPASSE CONVENCIONAL','1.00','2,143.75','250,619.00','2,016.00'),(367,'MANUTENCAO','2,192.00','2,015.00','FUNDAMENTAL','','1ª PARCELA DO REPASSE CONVENCIONAL','1.00','2,125.00','250,619.00','2,016.00'),(367,'MANUTENCAO','2,192.00','2,015.00','FUNDAMENTAL','','1ª PARCELA DO REPASSE CONVENCIONAL','1.00','2,125.00','250,619.00','2,016.00'),(367,'OUTROS','2,192.00','2,016.00','MEDIO','','REPASSE EXTRA PARA DESPESAS COM ESCOLA QUE OBTIVERAM OS MELHORES RESULTADOS NO ENEM 2016.','1.00','10,000.00','83,942.00','2,017.00'),(367,'MANUTENCAO','2,192.00','2,015.00','FUNDAMENTAL','','1ª PARCELA DO REPASSE CONVENCIONAL','1.00','2,125.00','250,619.00','2,016.00'),(367,'MANUTENCAO','2,192.00','2,017.00','MEDIO','','1ª PARCELA DO REPASSE CONVENCIONAL 2017','1.00','2,212.50','241,957.00','2,017.00'),(367,'MANUTENCAO','2,192.00','2,016.00','','','SEGUNDO REPASSE EMERGENCIAL PARA ESCOLAS DE ENSINO FUNDAMENTAL E MEDIO.','1.00','2,000.00','19,285.00','2,017.00'),(367,'MANUTENCAO','2,192.00','2,016.00','','','SEGUNDO REPASSE EMERGENCIAL PARA ESCOLAS DE ENSINO FUNDAMENTAL E MEDIO.','1.00','2,000.00','19,285.00','2,017.00'),(367,'MANUTENCAO','2,192.00','2,017.00','FUNDAMENTAL','','1ª PARCELA DO REPASSE CONVENCIONAL 2017','1.00','2,243.75','241,957.00','2,017.00'),(367,'MANUTENCAO','2,192.00','2,014.00','FUNDAMENTAL','','2ªPARCELA DO REPASSE CONVENCIONAL','2.00','2,025.00','250,614.00','2,016.00'),(88,'MANUTENCAO','1,861.00','2,017.00','MEDIO E FUNDAMENTAL','','3ª PARCELA DO REPASSE CONVENCIONAL 2017','3.00','13,593.75','',''),(88,'MANUTENCAO','1,861.00','2,013.00','','','REPASSE AS CAIXA ESCOLARES PARA O DESFILE ESTUDANTIL 2013','1.00','19,185.00','7,361.00','2,013.00'),(88,'MANUTENCAO','1,861.00','2,013.00','MEDIO','','','1.00','14,981.25','7,361.00','2,014.00'),(88,'MANUTENCAO','1,861.00','2,013.00','MEDIO','','','2.00','14,981.25','5,607.00','2,013.00'),(88,'MANUTENCAO','1,861.00','2,014.00','MEDIO','','4º REPASSE CONVENCIONAL REFERENTE AO ANO DE 2013','4.00','14,981.25','74,393.00','2,014.00'),(88,'MANUTENCAO','1,861.00','2,014.00','MEDIO','','1ªPARCELA DO REPASSE CONVENCIONAL','1.00','14,631.25','9,815.00','2,015.00'),(88,'PAGAMENTO TERCEIROS','1,861.00','2,014.00','MEDIO','','REPASSE EXTRA DE RECURSO FINANCEIRO PARA CUSTEAR DESPESAS COM SERVICO DE INSTALACAO DE AR CONDICIONADO.','1.00','7,000.00','9,810.00','2,015.00'),(88,'MANUTENCAO','1,861.00','2,014.00','MEDIO','','REPASSE EXTRA DE RECURSO FINANCEIRO DESTINADO A DESPESAS COM PEQUENOS SERVICOS DE ENGENHARIA.','1.00','14,000.00','9,810.00','2,015.00'),(88,'OUTROS','1,861.00','2,014.00','MEDIO E FUNDAMENTAL','','REPASSE EXTRA DE RECURSOS FINANCEIRO PARA CUSTEAR DESPESAS NA COMPRA DE VESTIMENTAS AOS ALUNOS QUE PARTICIPACAO DO ENCONTRO NACIONAL PARLAMENTO JUVENIL DO MERCOSUL','1.00','960.00','15,117.00','2,015.00'),(88,'MANUTENCAO','1,861.00','2,014.00','MEDIO','','2ªPARCELA DO REPASSE CONVENCIONAL','2.00','14,631.25','9,815.00','2,015.00'),(88,'MANUTENCAO','1,861.00','2,014.00','','','REPASSE EXTRA DE RECURSO FINANCEIRO DESTINADO A REALIZACAO DO DESFILE ESTUDANTIL 2014.','1.00','12,339.00','9,819.00','2,015.00'),(88,'MANUTENCAO','1,861.00','2,013.00','MEDIO','','','2.00','14,981.25','5,607.00','2,013.00'),(88,'MANUTENCAO','1,861.00','2,014.00','MEDIO','','4º REPASSE CONVENCIONAL REFERENTE AO ANO DE 2013','4.00','14,981.25','74,393.00','2,014.00'),(88,'MANUTENCAO','1,861.00','2,014.00','MEDIO','','1ªPARCELA DO REPASSE CONVENCIONAL','1.00','14,631.25','9,815.00','2,015.00'),(88,'PAGAMENTO TERCEIROS','1,861.00','2,014.00','MEDIO','','REPASSE EXTRA DE RECURSO FINANCEIRO PARA CUSTEAR DESPESAS COM SERVICO DE INSTALACAO DE AR CONDICIONADO.','1.00','7,000.00','9,810.00','2,015.00'),(88,'MANUTENCAO','1,861.00','2,014.00','MEDIO','','REPASSE EXTRA DE RECURSO FINANCEIRO DESTINADO A DESPESAS COM PEQUENOS SERVICOS DE ENGENHARIA.','1.00','14,000.00','9,810.00','2,015.00'),(88,'OUTROS','1,861.00','2,014.00','MEDIO E FUNDAMENTAL','','REPASSE EXTRA DE RECURSOS FINANCEIRO PARA CUSTEAR DESPESAS NA COMPRA DE VESTIMENTAS AOS ALUNOS QUE PARTICIPACAO DO ENCONTRO NACIONAL PARLAMENTO JUVENIL DO MERCOSUL','1.00','960.00','15,117.00','2,015.00'),(88,'MANUTENCAO','1,861.00','2,014.00','MEDIO','','2ªPARCELA DO REPASSE CONVENCIONAL','2.00','14,631.25','9,815.00','2,015.00'),(88,'MANUTENCAO','1,861.00','2,014.00','','','REPASSE EXTRA DE RECURSO FINANCEIRO DESTINADO A REALIZACAO DO DESFILE ESTUDANTIL 2014.','1.00','12,339.00','9,819.00','2,015.00'),(88,'MANUTENCAO','1,861.00','2,014.00','MEDIO','','3ªPARCELA DO REPASSE CONVENCIONAL','3.00','14,631.25','18,237.00','2,015.00'),(88,'MANUTENCAO','1,861.00','2,015.00','MEDIO','','1ª PARCELA DO REPASSE CONVENCIONAL','1.00','14,012.50','20,584.00','2,016.00'),(88,'MANUTENCAO','1,861.00','2,015.00','MEDIO','','2ª PARCELA DO REPASSE CONVENCIONAL','2.00','14,012.50','20,584.00','2,016.00'),(88,'MANUTENCAO','1,861.00','2,015.00','MEDIO','','CUSTEIO DE DESPESAS COM O PROJETO JOVEM EMBAIXADOR NOS ESTADOS UNIDOS DA AMERICA.','1.00','3,840.00','221,287.00','2,016.00'),(88,'MANUTENCAO','1,861.00','2,016.00','','','1º REPASSE DO EMERGENCIAL PARA AS ESCOLAS DO ENSINO MEDIO.','1.00','2,000.00','221,303.00','2,016.00'),(88,'MANUTENCAO','1,861.00','2,016.00','MEDIO','','1ª PARCELA DO REPASSE CONVENCIONAL 2016','1.00','13,450.00','474.00','2,017.00'),(88,'MANUTENCAO','1,861.00','2,016.00','MEDIO','','2ª PARCELA DO REPASSE CONVENCIONAL 2016','2.00','13,450.00','474.00','2,017.00'),(88,'MANUTENCAO','1,861.00','2,016.00','MEDIO','','3ª PARCELA DO REPASSE CONVENCIONAL 2016','3.00','13,450.00','476.00','2,017.00'),(88,'MANUTENCAO','1,861.00','2,016.00','MEDIO','','4ª PARCELA DO REPASSE CONVENCIONAL 2016','4.00','13,450.00','476.00','2,017.00'),(88,'OUTROS','1,861.00','2,016.00','MEDIO','','REPASSE EXTRA PARA SUPRIR AS DESPESAS COM ESCOLAS DA REDE ESTADUAL QUE OBTIVERAM OS MELHORES RESULTADOS NO ENEM 2015.','1.00','10,000.00','451.00','2,017.00'),(88,'MANUTENCAO','1,861.00','2,017.00','MEDIO','','1ª PARCELA DO REPASSE CONVENCIONAL 2017','1.00','13,593.75','188,486.00','2,017.00'),(88,'MANUTENCAO','1,861.00','2,017.00','MEDIO','','2ª PARCELA DO REPASSE CONVENCIONAL 2017','2.00','13,593.75','188,486.00','2,017.00'),(88,'MANUTENCAO','1,861.00','2,017.00','MEDIO E FUNDAMENTAL','','3ª PARCELA DO REPASSE CONVENCIONAL 2017','3.00','13,593.75','',''),(88,'MANUTENCAO','1,861.00','2,014.00','MEDIO','','3º REPASSE CONVENCIONAL REFERENTE AO ANO DE 2013','3.00','14,981.25','74,378.00','2,014.00'),(88,'MANUTENCAO','1,861.00','2,013.00','','','REPASSE AS CAIXA ESCOLARES PARA O DESFILE ESTUDANTIL 2013','1.00','19,185.00','7,361.00','2,013.00'),(88,'MANUTENCAO','1,861.00','2,013.00','MEDIO','','','1.00','14,981.25','7,361.00','2,014.00'),(88,'MANUTENCAO','1,861.00','2,013.00','MEDIO','','','2.00','14,981.25','5,607.00','2,013.00'),(88,'MANUTENCAO','1,861.00','2,014.00','MEDIO','','4º REPASSE CONVENCIONAL REFERENTE AO ANO DE 2013','4.00','14,981.25','74,393.00','2,014.00'),(88,'MANUTENCAO','1,861.00','2,014.00','MEDIO','','1ªPARCELA DO REPASSE CONVENCIONAL','1.00','14,631.25','9,815.00','2,015.00'),(88,'PAGAMENTO TERCEIROS','1,861.00','2,014.00','MEDIO','','REPASSE EXTRA DE RECURSO FINANCEIRO PARA CUSTEAR DESPESAS COM SERVICO DE INSTALACAO DE AR CONDICIONADO.','1.00','7,000.00','9,810.00','2,015.00'),(88,'MANUTENCAO','1,861.00','2,014.00','MEDIO','','REPASSE EXTRA DE RECURSO FINANCEIRO DESTINADO A DESPESAS COM PEQUENOS SERVICOS DE ENGENHARIA.','1.00','14,000.00','9,810.00','2,015.00'),(88,'OUTROS','1,861.00','2,014.00','MEDIO E FUNDAMENTAL','','REPASSE EXTRA DE RECURSOS FINANCEIRO PARA CUSTEAR DESPESAS NA COMPRA DE VESTIMENTAS AOS ALUNOS QUE PARTICIPACAO DO ENCONTRO NACIONAL PARLAMENTO JUVENIL DO MERCOSUL','1.00','960.00','15,117.00','2,015.00'),(88,'MANUTENCAO','1,861.00','2,014.00','MEDIO','','2ªPARCELA DO REPASSE CONVENCIONAL','2.00','14,631.25','9,815.00','2,015.00'),(88,'MANUTENCAO','1,861.00','2,014.00','','','REPASSE EXTRA DE RECURSO FINANCEIRO DESTINADO A REALIZACAO DO DESFILE ESTUDANTIL 2014.','1.00','12,339.00','9,819.00','2,015.00'),(88,'MANUTENCAO','1,861.00','2,014.00','MEDIO','','3ªPARCELA DO REPASSE CONVENCIONAL','3.00','14,631.25','18,237.00','2,015.00'),(88,'MANUTENCAO','1,861.00','2,015.00','MEDIO','','1ª PARCELA DO REPASSE CONVENCIONAL','1.00','14,012.50','20,584.00','2,016.00'),(88,'MANUTENCAO','1,861.00','2,015.00','MEDIO','','2ª PARCELA DO REPASSE CONVENCIONAL','2.00','14,012.50','20,584.00','2,016.00'),(88,'MANUTENCAO','1,861.00','2,015.00','MEDIO','','CUSTEIO DE DESPESAS COM O PROJETO JOVEM EMBAIXADOR NOS ESTADOS UNIDOS DA AMERICA.','1.00','3,840.00','221,287.00','2,016.00'),(88,'MANUTENCAO','1,861.00','2,016.00','','','1º REPASSE DO EMERGENCIAL PARA AS ESCOLAS DO ENSINO MEDIO.','1.00','2,000.00','221,303.00','2,016.00'),(88,'MANUTENCAO','1,861.00','2,016.00','MEDIO','','1ª PARCELA DO REPASSE CONVENCIONAL 2016','1.00','13,450.00','474.00','2,017.00'),(88,'MANUTENCAO','1,861.00','2,016.00','MEDIO','','2ª PARCELA DO REPASSE CONVENCIONAL 2016','2.00','13,450.00','474.00','2,017.00'),(88,'MANUTENCAO','1,861.00','2,016.00','MEDIO','','3ª PARCELA DO REPASSE CONVENCIONAL 2016','3.00','13,450.00','476.00','2,017.00'),(88,'MANUTENCAO','1,861.00','2,016.00','MEDIO','','4ª PARCELA DO REPASSE CONVENCIONAL 2016','4.00','13,450.00','476.00','2,017.00'),(88,'OUTROS','1,861.00','2,016.00','MEDIO','','REPASSE EXTRA PARA SUPRIR AS DESPESAS COM ESCOLAS DA REDE ESTADUAL QUE OBTIVERAM OS MELHORES RESULTADOS NO ENEM 2015.','1.00','10,000.00','451.00','2,017.00'),(88,'MANUTENCAO','1,861.00','2,017.00','MEDIO','','1ª PARCELA DO REPASSE CONVENCIONAL 2017','1.00','13,593.75','188,486.00','2,017.00'),(88,'MANUTENCAO','1,861.00','2,017.00','MEDIO','','2ª PARCELA DO REPASSE CONVENCIONAL 2017','2.00','13,593.75','188,486.00','2,017.00'),(88,'MANUTENCAO','1,861.00','2,014.00','MEDIO','','3º REPASSE CONVENCIONAL REFERENTE AO ANO DE 2013','3.00','14,981.25','74,378.00','2,014.00'),(88,'MANUTENCAO','1,861.00','2,014.00','MEDIO','','3ªPARCELA DO REPASSE CONVENCIONAL','3.00','14,631.25','18,237.00','2,015.00'),(88,'MANUTENCAO','1,861.00','2,015.00','MEDIO','','1ª PARCELA DO REPASSE CONVENCIONAL','1.00','14,012.50','20,584.00','2,016.00'),(88,'MANUTENCAO','1,861.00','2,015.00','MEDIO','','2ª PARCELA DO REPASSE CONVENCIONAL','2.00','14,012.50','20,584.00','2,016.00'),(88,'MANUTENCAO','1,861.00','2,015.00','MEDIO','','CUSTEIO DE DESPESAS COM O PROJETO JOVEM EMBAIXADOR NOS ESTADOS UNIDOS DA AMERICA.','1.00','3,840.00','221,287.00','2,016.00'),(88,'MANUTENCAO','1,861.00','2,016.00','','','1º REPASSE DO EMERGENCIAL PARA AS ESCOLAS DO ENSINO MEDIO.','1.00','2,000.00','221,303.00','2,016.00'),(88,'MANUTENCAO','1,861.00','2,016.00','MEDIO','','1ª PARCELA DO REPASSE CONVENCIONAL 2016','1.00','13,450.00','474.00','2,017.00'),(88,'MANUTENCAO','1,861.00','2,016.00','MEDIO','','2ª PARCELA DO REPASSE CONVENCIONAL 2016','2.00','13,450.00','474.00','2,017.00'),(88,'MANUTENCAO','1,861.00','2,016.00','MEDIO','','3ª PARCELA DO REPASSE CONVENCIONAL 2016','3.00','13,450.00','476.00','2,017.00'),(88,'MANUTENCAO','1,861.00','2,016.00','MEDIO','','4ª PARCELA DO REPASSE CONVENCIONAL 2016','4.00','13,450.00','476.00','2,017.00'),(88,'OUTROS','1,861.00','2,016.00','MEDIO','','REPASSE EXTRA PARA SUPRIR AS DESPESAS COM ESCOLAS DA REDE ESTADUAL QUE OBTIVERAM OS MELHORES RESULTADOS NO ENEM 2015.','1.00','10,000.00','451.00','2,017.00'),(88,'MANUTENCAO','1,861.00','2,017.00','MEDIO','','1ª PARCELA DO REPASSE CONVENCIONAL 2017','1.00','13,593.75','188,486.00','2,017.00'),(88,'MANUTENCAO','1,861.00','2,017.00','MEDIO','','2ª PARCELA DO REPASSE CONVENCIONAL 2017','2.00','13,593.75','188,486.00','2,017.00'),(88,'MANUTENCAO','1,861.00','2,017.00','MEDIO E FUNDAMENTAL','','3ª PARCELA DO REPASSE CONVENCIONAL 2017','3.00','13,593.75','',''),(88,'MANUTENCAO','1,861.00','2,014.00','MEDIO','','3º REPASSE CONVENCIONAL REFERENTE AO ANO DE 2013','3.00','14,981.25','74,378.00','2,014.00'),(88,'MANUTENCAO','1,861.00','2,013.00','','','REPASSE AS CAIXA ESCOLARES PARA O DESFILE ESTUDANTIL 2013','1.00','19,185.00','7,361.00','2,013.00'),(88,'MANUTENCAO','1,861.00','2,013.00','MEDIO','','','1.00','14,981.25','7,361.00','2,014.00'),(88,'MANUTENCAO','1,861.00','2,013.00','MEDIO','','','2.00','14,981.25','5,607.00','2,013.00'),(88,'MANUTENCAO','1,861.00','2,014.00','MEDIO','','4º REPASSE CONVENCIONAL REFERENTE AO ANO DE 2013','4.00','14,981.25','74,393.00','2,014.00'),(88,'MANUTENCAO','1,861.00','2,014.00','MEDIO','','1ªPARCELA DO REPASSE CONVENCIONAL','1.00','14,631.25','9,815.00','2,015.00'),(88,'PAGAMENTO TERCEIROS','1,861.00','2,014.00','MEDIO','','REPASSE EXTRA DE RECURSO FINANCEIRO PARA CUSTEAR DESPESAS COM SERVICO DE INSTALACAO DE AR CONDICIONADO.','1.00','7,000.00','9,810.00','2,015.00'),(88,'MANUTENCAO','1,861.00','2,014.00','MEDIO','','REPASSE EXTRA DE RECURSO FINANCEIRO DESTINADO A DESPESAS COM PEQUENOS SERVICOS DE ENGENHARIA.','1.00','14,000.00','9,810.00','2,015.00'),(88,'OUTROS','1,861.00','2,014.00','MEDIO E FUNDAMENTAL','','REPASSE EXTRA DE RECURSOS FINANCEIRO PARA CUSTEAR DESPESAS NA COMPRA DE VESTIMENTAS AOS ALUNOS QUE PARTICIPACAO DO ENCONTRO NACIONAL PARLAMENTO JUVENIL DO MERCOSUL','1.00','960.00','15,117.00','2,015.00'),(88,'MANUTENCAO','1,861.00','2,014.00','MEDIO','','2ªPARCELA DO REPASSE CONVENCIONAL','2.00','14,631.25','9,815.00','2,015.00'),(88,'MANUTENCAO','1,861.00','2,014.00','','','REPASSE EXTRA DE RECURSO FINANCEIRO DESTINADO A REALIZACAO DO DESFILE ESTUDANTIL 2014.','1.00','12,339.00','9,819.00','2,015.00'),(88,'MANUTENCAO','1,861.00','2,014.00','MEDIO','','3ªPARCELA DO REPASSE CONVENCIONAL','3.00','14,631.25','18,237.00','2,015.00'),(88,'MANUTENCAO','1,861.00','2,015.00','MEDIO','','1ª PARCELA DO REPASSE CONVENCIONAL','1.00','14,012.50','20,584.00','2,016.00'),(88,'MANUTENCAO','1,861.00','2,015.00','MEDIO','','2ª PARCELA DO REPASSE CONVENCIONAL','2.00','14,012.50','20,584.00','2,016.00'),(88,'MANUTENCAO','1,861.00','2,015.00','MEDIO','','CUSTEIO DE DESPESAS COM O PROJETO JOVEM EMBAIXADOR NOS ESTADOS UNIDOS DA AMERICA.','1.00','3,840.00','221,287.00','2,016.00'),(88,'MANUTENCAO','1,861.00','2,016.00','','','1º REPASSE DO EMERGENCIAL PARA AS ESCOLAS DO ENSINO MEDIO.','1.00','2,000.00','221,303.00','2,016.00'),(88,'MANUTENCAO','1,861.00','2,016.00','MEDIO','','1ª PARCELA DO REPASSE CONVENCIONAL 2016','1.00','13,450.00','474.00','2,017.00'),(88,'MANUTENCAO','1,861.00','2,016.00','MEDIO','','2ª PARCELA DO REPASSE CONVENCIONAL 2016','2.00','13,450.00','474.00','2,017.00'),(88,'MANUTENCAO','1,861.00','2,016.00','MEDIO','','3ª PARCELA DO REPASSE CONVENCIONAL 2016','3.00','13,450.00','476.00','2,017.00'),(88,'MANUTENCAO','1,861.00','2,016.00','MEDIO','','4ª PARCELA DO REPASSE CONVENCIONAL 2016','4.00','13,450.00','476.00','2,017.00'),(88,'OUTROS','1,861.00','2,016.00','MEDIO','','REPASSE EXTRA PARA SUPRIR AS DESPESAS COM ESCOLAS DA REDE ESTADUAL QUE OBTIVERAM OS MELHORES RESULTADOS NO ENEM 2015.','1.00','10,000.00','451.00','2,017.00'),(88,'MANUTENCAO','1,861.00','2,017.00','MEDIO','','1ª PARCELA DO REPASSE CONVENCIONAL 2017','1.00','13,593.75','188,486.00','2,017.00'),(88,'MANUTENCAO','1,861.00','2,017.00','MEDIO','','2ª PARCELA DO REPASSE CONVENCIONAL 2017','2.00','13,593.75','188,486.00','2,017.00'),(88,'MANUTENCAO','1,861.00','2,017.00','MEDIO E FUNDAMENTAL','','3ª PARCELA DO REPASSE CONVENCIONAL 2017','3.00','13,593.75','',''),(88,'MANUTENCAO','1,861.00','2,014.00','MEDIO','','3º REPASSE CONVENCIONAL REFERENTE AO ANO DE 2013','3.00','14,981.25','74,378.00','2,014.00'),(88,'MANUTENCAO','1,861.00','2,013.00','','','REPASSE AS CAIXA ESCOLARES PARA O DESFILE ESTUDANTIL 2013','1.00','19,185.00','7,361.00','2,013.00'),(88,'MANUTENCAO','1,861.00','2,013.00','MEDIO','','','1.00','14,981.25','7,361.00','2,014.00'),(88,'MANUTENCAO','1,861.00','2,013.00','MEDIO','','','2.00','14,981.25','5,607.00','2,013.00'),(88,'MANUTENCAO','1,861.00','2,014.00','MEDIO','','4º REPASSE CONVENCIONAL REFERENTE AO ANO DE 2013','4.00','14,981.25','74,393.00','2,014.00'),(88,'MANUTENCAO','1,861.00','2,014.00','MEDIO','','1ªPARCELA DO REPASSE CONVENCIONAL','1.00','14,631.25','9,815.00','2,015.00'),(88,'PAGAMENTO TERCEIROS','1,861.00','2,014.00','MEDIO','','REPASSE EXTRA DE RECURSO FINANCEIRO PARA CUSTEAR DESPESAS COM SERVICO DE INSTALACAO DE AR CONDICIONADO.','1.00','7,000.00','9,810.00','2,015.00'),(88,'MANUTENCAO','1,861.00','2,014.00','MEDIO','','REPASSE EXTRA DE RECURSO FINANCEIRO DESTINADO A DESPESAS COM PEQUENOS SERVICOS DE ENGENHARIA.','1.00','14,000.00','9,810.00','2,015.00'),(88,'OUTROS','1,861.00','2,014.00','MEDIO E FUNDAMENTAL','','REPASSE EXTRA DE RECURSOS FINANCEIRO PARA CUSTEAR DESPESAS NA COMPRA DE VESTIMENTAS AOS ALUNOS QUE PARTICIPACAO DO ENCONTRO NACIONAL PARLAMENTO JUVENIL DO MERCOSUL','1.00','960.00','15,117.00','2,015.00'),(88,'MANUTENCAO','1,861.00','2,014.00','MEDIO','','2ªPARCELA DO REPASSE CONVENCIONAL','2.00','14,631.25','9,815.00','2,015.00'),(88,'MANUTENCAO','1,861.00','2,014.00','','','REPASSE EXTRA DE RECURSO FINANCEIRO DESTINADO A REALIZACAO DO DESFILE ESTUDANTIL 2014.','1.00','12,339.00','9,819.00','2,015.00'),(88,'MANUTENCAO','1,861.00','2,014.00','MEDIO','','3ªPARCELA DO REPASSE CONVENCIONAL','3.00','14,631.25','18,237.00','2,015.00'),(88,'MANUTENCAO','1,861.00','2,015.00','MEDIO','','1ª PARCELA DO REPASSE CONVENCIONAL','1.00','14,012.50','20,584.00','2,016.00'),(88,'MANUTENCAO','1,861.00','2,015.00','MEDIO','','2ª PARCELA DO REPASSE CONVENCIONAL','2.00','14,012.50','20,584.00','2,016.00'),(88,'MANUTENCAO','1,861.00','2,015.00','MEDIO','','CUSTEIO DE DESPESAS COM O PROJETO JOVEM EMBAIXADOR NOS ESTADOS UNIDOS DA AMERICA.','1.00','3,840.00','221,287.00','2,016.00'),(88,'MANUTENCAO','1,861.00','2,016.00','','','1º REPASSE DO EMERGENCIAL PARA AS ESCOLAS DO ENSINO MEDIO.','1.00','2,000.00','221,303.00','2,016.00'),(88,'MANUTENCAO','1,861.00','2,016.00','MEDIO','','1ª PARCELA DO REPASSE CONVENCIONAL 2016','1.00','13,450.00','474.00','2,017.00'),(88,'MANUTENCAO','1,861.00','2,016.00','MEDIO','','2ª PARCELA DO REPASSE CONVENCIONAL 2016','2.00','13,450.00','474.00','2,017.00'),(88,'MANUTENCAO','1,861.00','2,016.00','MEDIO','','3ª PARCELA DO REPASSE CONVENCIONAL 2016','3.00','13,450.00','476.00','2,017.00'),(88,'MANUTENCAO','1,861.00','2,016.00','MEDIO','','4ª PARCELA DO REPASSE CONVENCIONAL 2016','4.00','13,450.00','476.00','2,017.00'),(88,'OUTROS','1,861.00','2,016.00','MEDIO','','REPASSE EXTRA PARA SUPRIR AS DESPESAS COM ESCOLAS DA REDE ESTADUAL QUE OBTIVERAM OS MELHORES RESULTADOS NO ENEM 2015.','1.00','10,000.00','451.00','2,017.00'),(88,'MANUTENCAO','1,861.00','2,017.00','MEDIO','','1ª PARCELA DO REPASSE CONVENCIONAL 2017','1.00','13,593.75','188,486.00','2,017.00'),(88,'MANUTENCAO','1,861.00','2,017.00','MEDIO','','2ª PARCELA DO REPASSE CONVENCIONAL 2017','2.00','13,593.75','188,486.00','2,017.00'),(88,'MANUTENCAO','1,861.00','2,017.00','MEDIO E FUNDAMENTAL','','3ª PARCELA DO REPASSE CONVENCIONAL 2017','3.00','13,593.75','',''),(88,'MANUTENCAO','1,861.00','2,014.00','MEDIO','','3º REPASSE CONVENCIONAL REFERENTE AO ANO DE 2013','3.00','14,981.25','74,378.00','2,014.00'),(88,'MANUTENCAO','1,861.00','2,013.00','','','REPASSE AS CAIXA ESCOLARES PARA O DESFILE ESTUDANTIL 2013','1.00','19,185.00','7,361.00','2,013.00'),(88,'MANUTENCAO','1,861.00','2,013.00','MEDIO','','','1.00','14,981.25','7,361.00','2,014.00'),(367,'MANUTENCAO','2,192.00','2,014.00','FUNDAMENTAL','','2ªPARCELA DO REPASSE CONVENCIONAL','2.00','2,025.00','250,614.00','2,016.00'),(367,'MANUTENCAO','2,192.00','2,017.00','MEDIO','','1ª PARCELA DO REPASSE CONVENCIONAL 2017','1.00','2,212.50','241,957.00','2,017.00'),(367,'MANUTENCAO','2,192.00','2,015.00','MEDIO','','1ª PARCELA DO REPASSE CONVENCIONAL','1.00','2,143.75','250,619.00','2,016.00'),(367,'MANUTENCAO','2,192.00','2,015.00','MEDIO','','1ª PARCELA DO REPASSE CONVENCIONAL','1.00','2,143.75','250,619.00','2,016.00'),(367,'MANUTENCAO','2,192.00','2,015.00','FUNDAMENTAL','','1ª PARCELA DO REPASSE CONVENCIONAL','1.00','2,125.00','250,619.00','2,016.00'),(367,'OUTROS','2,192.00','2,016.00','MEDIO','','REPASSE EXTRA PARA DESPESAS COM ESCOLA QUE OBTIVERAM OS MELHORES RESULTADOS NO ENEM 2016.','1.00','10,000.00','83,942.00','2,017.00'),(367,'MANUTENCAO','2,192.00','2,017.00','MEDIO','','2ª PARCELA DO REPASSE CONVENCIONAL 2017','2.00','2,212.50','241,957.00','2,017.00'),(367,'MANUTENCAO','2,192.00','2,017.00','MEDIO','','1ª PARCELA DO REPASSE CONVENCIONAL 2017','1.00','2,212.50','241,957.00','2,017.00'),(367,'MANUTENCAO','2,192.00','2,016.00','','','SEGUNDO REPASSE EMERGENCIAL PARA ESCOLAS DE ENSINO FUNDAMENTAL E MEDIO.','1.00','2,000.00','19,285.00','2,017.00'),(367,'MANUTENCAO','2,192.00','2,017.00','FUNDAMENTAL','','1ª PARCELA DO REPASSE CONVENCIONAL 2017','1.00','2,243.75','241,957.00','2,017.00'),(367,'OUTROS','2,192.00','2,016.00','MEDIO','','REPASSE EXTRA PARA DESPESAS COM ESCOLA QUE OBTIVERAM OS MELHORES RESULTADOS NO ENEM 2016.','1.00','10,000.00','83,942.00','2,017.00'),(367,'MANUTENCAO','2,192.00','2,017.00','MEDIO','','2ª PARCELA DO REPASSE CONVENCIONAL 2017','2.00','2,212.50','241,957.00','2,017.00'),(367,'MANUTENCAO','2,192.00','2,017.00','FUNDAMENTAL','','2ª PARCELA DO REPASSE CONVENCIONAL 2017','2.00','2,243.75','241,957.00','2,017.00'),(367,'MANUTENCAO','2,192.00','2,015.00','FUNDAMENTAL','','1ª PARCELA DO REPASSE CONVENCIONAL','1.00','2,125.00','250,619.00','2,016.00'),(367,'OUTROS','2,192.00','2,016.00','MEDIO','','REPASSE EXTRA PARA DESPESAS COM ESCOLA QUE OBTIVERAM OS MELHORES RESULTADOS NO ENEM 2016.','1.00','10,000.00','83,942.00','2,017.00'),(367,'MANUTENCAO','2,192.00','2,017.00','MEDIO','','1ª PARCELA DO REPASSE CONVENCIONAL 2017','1.00','2,212.50','241,957.00','2,017.00'),(367,'MANUTENCAO','2,192.00','2,017.00','MEDIO','','1ª PARCELA DO REPASSE CONVENCIONAL 2017','1.00','2,212.50','',''),(367,'MANUTENCAO','2,192.00','2,017.00','FUNDAMENTAL','','1ª PARCELA DO REPASSE CONVENCIONAL 2017','1.00','2,243.75','',''),(367,'MANUTENCAO','2,192.00','2,017.00','FUNDAMENTAL','','1ª PARCELA DO REPASSE CONVENCIONAL 2017','1.00','2,243.75','241,957.00','2,017.00'),(367,'MANUTENCAO','2,192.00','2,017.00','MEDIO','','2ª PARCELA DO REPASSE CONVENCIONAL 2017','2.00','2,212.50','',''),(367,'MANUTENCAO','2,192.00','2,017.00','FUNDAMENTAL','','2ª PARCELA DO REPASSE CONVENCIONAL 2017','2.00','2,243.75','',''),(367,'MANUTENCAO','2,192.00','2,017.00','FUNDAMENTAL','','2ª PARCELA DO REPASSE CONVENCIONAL 2017','2.00','2,243.75','241,957.00','2,017.00'),(367,'MANUTENCAO','2,192.00','2,017.00','MEDIO','','2ª PARCELA DO REPASSE CONVENCIONAL 2017','2.00','2,212.50','241,957.00','2,017.00'),(367,'MANUTENCAO','2,192.00','2,017.00','FUNDAMENTAL','','2ª PARCELA DO REPASSE CONVENCIONAL 2017','2.00','2,243.75','241,957.00','2,017.00'),(367,'MANUTENCAO','2,192.00','2,017.00','FUNDAMENTAL','','1ª PARCELA DO REPASSE CONVENCIONAL 2017','1.00','2,243.75','241,957.00','2,017.00'),(367,'MANUTENCAO','2,192.00','2,017.00','FUNDAMENTAL','','2ª PARCELA DO REPASSE CONVENCIONAL 2017','2.00','2,243.75','241,957.00','2,017.00'),(367,'MANUTENCAO','2,192.00','2,016.00','','','SEGUNDO REPASSE EMERGENCIAL PARA ESCOLAS DE ENSINO FUNDAMENTAL E MEDIO.','1.00','2,000.00','19,285.00','2,017.00'),(367,'MANUTENCAO','2,192.00','2,016.00','','','SEGUNDO REPASSE EMERGENCIAL PARA ESCOLAS DE ENSINO FUNDAMENTAL E MEDIO.','1.00','2,000.00','19,285.00','2,017.00'),(367,'MANUTENCAO','2,192.00','2,014.00','FUNDAMENTAL','','2ªPARCELA DO REPASSE CONVENCIONAL','2.00','2,025.00','250,614.00','2,016.00'),(367,'OUTROS','2,192.00','2,016.00','MEDIO','','REPASSE EXTRA PARA DESPESAS COM ESCOLA QUE OBTIVERAM OS MELHORES RESULTADOS NO ENEM 2016.','1.00','10,000.00','83,942.00','2,017.00'),(367,'MANUTENCAO','2,192.00','2,014.00','FUNDAMENTAL','','2ªPARCELA DO REPASSE CONVENCIONAL','2.00','2,025.00','250,614.00','2,016.00'),(367,'MANUTENCAO','2,192.00','2,015.00','MEDIO','','1ª PARCELA DO REPASSE CONVENCIONAL','1.00','2,143.75','250,619.00','2,016.00'),(367,'MANUTENCAO','2,192.00','2,015.00','MEDIO','','1ª PARCELA DO REPASSE CONVENCIONAL','1.00','2,143.75','250,619.00','2,016.00'),(367,'MANUTENCAO','2,192.00','2,014.00','FUNDAMENTAL','','2ªPARCELA DO REPASSE CONVENCIONAL','2.00','2,025.00','250,614.00','2,016.00'),(367,'MANUTENCAO','2,192.00','2,017.00','MEDIO','','2ª PARCELA DO REPASSE CONVENCIONAL 2017','2.00','2,212.50','241,957.00','2,017.00'),(367,'MANUTENCAO','2,192.00','2,015.00','MEDIO','','1ª PARCELA DO REPASSE CONVENCIONAL','1.00','2,143.75','250,619.00','2,016.00'),(367,'MANUTENCAO','2,192.00','2,015.00','FUNDAMENTAL','','1ª PARCELA DO REPASSE CONVENCIONAL','1.00','2,125.00','250,619.00','2,016.00'),(367,'MANUTENCAO','2,192.00','2,015.00','FUNDAMENTAL','','1ª PARCELA DO REPASSE CONVENCIONAL','1.00','2,125.00','250,619.00','2,016.00'),(367,'OUTROS','2,192.00','2,016.00','MEDIO','','REPASSE EXTRA PARA DESPESAS COM ESCOLA QUE OBTIVERAM OS MELHORES RESULTADOS NO ENEM 2016.','1.00','10,000.00','83,942.00','2,017.00'),(367,'MANUTENCAO','2,192.00','2,015.00','FUNDAMENTAL','','1ª PARCELA DO REPASSE CONVENCIONAL','1.00','2,125.00','250,619.00','2,016.00'),(367,'MANUTENCAO','2,192.00','2,017.00','MEDIO','','1ª PARCELA DO REPASSE CONVENCIONAL 2017','1.00','2,212.50','241,957.00','2,017.00'),(367,'MANUTENCAO','2,192.00','2,016.00','','','SEGUNDO REPASSE EMERGENCIAL PARA ESCOLAS DE ENSINO FUNDAMENTAL E MEDIO.','1.00','2,000.00','19,285.00','2,017.00'),(367,'MANUTENCAO','2,192.00','2,016.00','','','SEGUNDO REPASSE EMERGENCIAL PARA ESCOLAS DE ENSINO FUNDAMENTAL E MEDIO.','1.00','2,000.00','19,285.00','2,017.00'),(367,'MANUTENCAO','2,192.00','2,017.00','FUNDAMENTAL','','1ª PARCELA DO REPASSE CONVENCIONAL 2017','1.00','2,243.75','241,957.00','2,017.00'),(367,'MANUTENCAO','2,192.00','2,014.00','FUNDAMENTAL','','2ªPARCELA DO REPASSE CONVENCIONAL','2.00','2,025.00','250,614.00','2,016.00'),(88,'MANUTENCAO','1,861.00','2,017.00','MEDIO E FUNDAMENTAL','','3ª PARCELA DO REPASSE CONVENCIONAL 2017','3.00','13,593.75','',''),(88,'MANUTENCAO','1,861.00','2,013.00','','','REPASSE AS CAIXA ESCOLARES PARA O DESFILE ESTUDANTIL 2013','1.00','19,185.00','7,361.00','2,013.00'),(88,'MANUTENCAO','1,861.00','2,013.00','MEDIO','','','1.00','14,981.25','7,361.00','2,014.00'),(88,'MANUTENCAO','1,861.00','2,013.00','MEDIO','','','2.00','14,981.25','5,607.00','2,013.00'),(88,'MANUTENCAO','1,861.00','2,014.00','MEDIO','','4º REPASSE CONVENCIONAL REFERENTE AO ANO DE 2013','4.00','14,981.25','74,393.00','2,014.00'),(88,'MANUTENCAO','1,861.00','2,014.00','MEDIO','','1ªPARCELA DO REPASSE CONVENCIONAL','1.00','14,631.25','9,815.00','2,015.00'),(88,'PAGAMENTO TERCEIROS','1,861.00','2,014.00','MEDIO','','REPASSE EXTRA DE RECURSO FINANCEIRO PARA CUSTEAR DESPESAS COM SERVICO DE INSTALACAO DE AR CONDICIONADO.','1.00','7,000.00','9,810.00','2,015.00'),(88,'MANUTENCAO','1,861.00','2,014.00','MEDIO','','REPASSE EXTRA DE RECURSO FINANCEIRO DESTINADO A DESPESAS COM PEQUENOS SERVICOS DE ENGENHARIA.','1.00','14,000.00','9,810.00','2,015.00'),(88,'OUTROS','1,861.00','2,014.00','MEDIO E FUNDAMENTAL','','REPASSE EXTRA DE RECURSOS FINANCEIRO PARA CUSTEAR DESPESAS NA COMPRA DE VESTIMENTAS AOS ALUNOS QUE PARTICIPACAO DO ENCONTRO NACIONAL PARLAMENTO JUVENIL DO MERCOSUL','1.00','960.00','15,117.00','2,015.00'),(88,'MANUTENCAO','1,861.00','2,014.00','MEDIO','','2ªPARCELA DO REPASSE CONVENCIONAL','2.00','14,631.25','9,815.00','2,015.00'),(88,'MANUTENCAO','1,861.00','2,014.00','','','REPASSE EXTRA DE RECURSO FINANCEIRO DESTINADO A REALIZACAO DO DESFILE ESTUDANTIL 2014.','1.00','12,339.00','9,819.00','2,015.00'),(88,'MANUTENCAO','1,861.00','2,013.00','MEDIO','','','2.00','14,981.25','5,607.00','2,013.00'),(88,'MANUTENCAO','1,861.00','2,014.00','MEDIO','','4º REPASSE CONVENCIONAL REFERENTE AO ANO DE 2013','4.00','14,981.25','74,393.00','2,014.00'),(88,'MANUTENCAO','1,861.00','2,014.00','MEDIO','','1ªPARCELA DO REPASSE CONVENCIONAL','1.00','14,631.25','9,815.00','2,015.00'),(88,'PAGAMENTO TERCEIROS','1,861.00','2,014.00','MEDIO','','REPASSE EXTRA DE RECURSO FINANCEIRO PARA CUSTEAR DESPESAS COM SERVICO DE INSTALACAO DE AR CONDICIONADO.','1.00','7,000.00','9,810.00','2,015.00'),(88,'MANUTENCAO','1,861.00','2,014.00','MEDIO','','REPASSE EXTRA DE RECURSO FINANCEIRO DESTINADO A DESPESAS COM PEQUENOS SERVICOS DE ENGENHARIA.','1.00','14,000.00','9,810.00','2,015.00'),(88,'OUTROS','1,861.00','2,014.00','MEDIO E FUNDAMENTAL','','REPASSE EXTRA DE RECURSOS FINANCEIRO PARA CUSTEAR DESPESAS NA COMPRA DE VESTIMENTAS AOS ALUNOS QUE PARTICIPACAO DO ENCONTRO NACIONAL PARLAMENTO JUVENIL DO MERCOSUL','1.00','960.00','15,117.00','2,015.00'),(88,'MANUTENCAO','1,861.00','2,014.00','MEDIO','','2ªPARCELA DO REPASSE CONVENCIONAL','2.00','14,631.25','9,815.00','2,015.00'),(88,'MANUTENCAO','1,861.00','2,014.00','','','REPASSE EXTRA DE RECURSO FINANCEIRO DESTINADO A REALIZACAO DO DESFILE ESTUDANTIL 2014.','1.00','12,339.00','9,819.00','2,015.00'),(88,'MANUTENCAO','1,861.00','2,014.00','MEDIO','','3ªPARCELA DO REPASSE CONVENCIONAL','3.00','14,631.25','18,237.00','2,015.00'),(88,'MANUTENCAO','1,861.00','2,015.00','MEDIO','','1ª PARCELA DO REPASSE CONVENCIONAL','1.00','14,012.50','20,584.00','2,016.00'),(88,'MANUTENCAO','1,861.00','2,015.00','MEDIO','','2ª PARCELA DO REPASSE CONVENCIONAL','2.00','14,012.50','20,584.00','2,016.00'),(88,'MANUTENCAO','1,861.00','2,015.00','MEDIO','','CUSTEIO DE DESPESAS COM O PROJETO JOVEM EMBAIXADOR NOS ESTADOS UNIDOS DA AMERICA.','1.00','3,840.00','221,287.00','2,016.00'),(88,'MANUTENCAO','1,861.00','2,016.00','','','1º REPASSE DO EMERGENCIAL PARA AS ESCOLAS DO ENSINO MEDIO.','1.00','2,000.00','221,303.00','2,016.00'),(88,'MANUTENCAO','1,861.00','2,016.00','MEDIO','','1ª PARCELA DO REPASSE CONVENCIONAL 2016','1.00','13,450.00','474.00','2,017.00'),(88,'MANUTENCAO','1,861.00','2,016.00','MEDIO','','2ª PARCELA DO REPASSE CONVENCIONAL 2016','2.00','13,450.00','474.00','2,017.00'),(88,'MANUTENCAO','1,861.00','2,016.00','MEDIO','','3ª PARCELA DO REPASSE CONVENCIONAL 2016','3.00','13,450.00','476.00','2,017.00'),(88,'MANUTENCAO','1,861.00','2,016.00','MEDIO','','4ª PARCELA DO REPASSE CONVENCIONAL 2016','4.00','13,450.00','476.00','2,017.00'),(88,'OUTROS','1,861.00','2,016.00','MEDIO','','REPASSE EXTRA PARA SUPRIR AS DESPESAS COM ESCOLAS DA REDE ESTADUAL QUE OBTIVERAM OS MELHORES RESULTADOS NO ENEM 2015.','1.00','10,000.00','451.00','2,017.00'),(88,'MANUTENCAO','1,861.00','2,017.00','MEDIO','','1ª PARCELA DO REPASSE CONVENCIONAL 2017','1.00','13,593.75','188,486.00','2,017.00'),(88,'MANUTENCAO','1,861.00','2,017.00','MEDIO','','2ª PARCELA DO REPASSE CONVENCIONAL 2017','2.00','13,593.75','188,486.00','2,017.00'),(88,'MANUTENCAO','1,861.00','2,017.00','MEDIO E FUNDAMENTAL','','3ª PARCELA DO REPASSE CONVENCIONAL 2017','3.00','13,593.75','',''),(88,'MANUTENCAO','1,861.00','2,014.00','MEDIO','','3º REPASSE CONVENCIONAL REFERENTE AO ANO DE 2013','3.00','14,981.25','74,378.00','2,014.00'),(88,'MANUTENCAO','1,861.00','2,013.00','','','REPASSE AS CAIXA ESCOLARES PARA O DESFILE ESTUDANTIL 2013','1.00','19,185.00','7,361.00','2,013.00'),(88,'MANUTENCAO','1,861.00','2,013.00','MEDIO','','','1.00','14,981.25','7,361.00','2,014.00'),(88,'MANUTENCAO','1,861.00','2,013.00','MEDIO','','','2.00','14,981.25','5,607.00','2,013.00'),(88,'MANUTENCAO','1,861.00','2,014.00','MEDIO','','4º REPASSE CONVENCIONAL REFERENTE AO ANO DE 2013','4.00','14,981.25','74,393.00','2,014.00'),(88,'MANUTENCAO','1,861.00','2,014.00','MEDIO','','1ªPARCELA DO REPASSE CONVENCIONAL','1.00','14,631.25','9,815.00','2,015.00'),(88,'PAGAMENTO TERCEIROS','1,861.00','2,014.00','MEDIO','','REPASSE EXTRA DE RECURSO FINANCEIRO PARA CUSTEAR DESPESAS COM SERVICO DE INSTALACAO DE AR CONDICIONADO.','1.00','7,000.00','9,810.00','2,015.00'),(88,'MANUTENCAO','1,861.00','2,014.00','MEDIO','','REPASSE EXTRA DE RECURSO FINANCEIRO DESTINADO A DESPESAS COM PEQUENOS SERVICOS DE ENGENHARIA.','1.00','14,000.00','9,810.00','2,015.00'),(88,'OUTROS','1,861.00','2,014.00','MEDIO E FUNDAMENTAL','','REPASSE EXTRA DE RECURSOS FINANCEIRO PARA CUSTEAR DESPESAS NA COMPRA DE VESTIMENTAS AOS ALUNOS QUE PARTICIPACAO DO ENCONTRO NACIONAL PARLAMENTO JUVENIL DO MERCOSUL','1.00','960.00','15,117.00','2,015.00'),(88,'MANUTENCAO','1,861.00','2,014.00','MEDIO','','2ªPARCELA DO REPASSE CONVENCIONAL','2.00','14,631.25','9,815.00','2,015.00'),(88,'MANUTENCAO','1,861.00','2,014.00','','','REPASSE EXTRA DE RECURSO FINANCEIRO DESTINADO A REALIZACAO DO DESFILE ESTUDANTIL 2014.','1.00','12,339.00','9,819.00','2,015.00'),(88,'MANUTENCAO','1,861.00','2,014.00','MEDIO','','3ªPARCELA DO REPASSE CONVENCIONAL','3.00','14,631.25','18,237.00','2,015.00'),(88,'MANUTENCAO','1,861.00','2,015.00','MEDIO','','1ª PARCELA DO REPASSE CONVENCIONAL','1.00','14,012.50','20,584.00','2,016.00'),(88,'MANUTENCAO','1,861.00','2,015.00','MEDIO','','2ª PARCELA DO REPASSE CONVENCIONAL','2.00','14,012.50','20,584.00','2,016.00'),(88,'MANUTENCAO','1,861.00','2,015.00','MEDIO','','CUSTEIO DE DESPESAS COM O PROJETO JOVEM EMBAIXADOR NOS ESTADOS UNIDOS DA AMERICA.','1.00','3,840.00','221,287.00','2,016.00'),(88,'MANUTENCAO','1,861.00','2,016.00','','','1º REPASSE DO EMERGENCIAL PARA AS ESCOLAS DO ENSINO MEDIO.','1.00','2,000.00','221,303.00','2,016.00'),(88,'MANUTENCAO','1,861.00','2,016.00','MEDIO','','1ª PARCELA DO REPASSE CONVENCIONAL 2016','1.00','13,450.00','474.00','2,017.00'),(88,'MANUTENCAO','1,861.00','2,016.00','MEDIO','','2ª PARCELA DO REPASSE CONVENCIONAL 2016','2.00','13,450.00','474.00','2,017.00'),(88,'MANUTENCAO','1,861.00','2,016.00','MEDIO','','3ª PARCELA DO REPASSE CONVENCIONAL 2016','3.00','13,450.00','476.00','2,017.00'),(88,'MANUTENCAO','1,861.00','2,016.00','MEDIO','','4ª PARCELA DO REPASSE CONVENCIONAL 2016','4.00','13,450.00','476.00','2,017.00'),(88,'OUTROS','1,861.00','2,016.00','MEDIO','','REPASSE EXTRA PARA SUPRIR AS DESPESAS COM ESCOLAS DA REDE ESTADUAL QUE OBTIVERAM OS MELHORES RESULTADOS NO ENEM 2015.','1.00','10,000.00','451.00','2,017.00'),(88,'MANUTENCAO','1,861.00','2,017.00','MEDIO','','1ª PARCELA DO REPASSE CONVENCIONAL 2017','1.00','13,593.75','188,486.00','2,017.00'),(88,'MANUTENCAO','1,861.00','2,017.00','MEDIO','','2ª PARCELA DO REPASSE CONVENCIONAL 2017','2.00','13,593.75','188,486.00','2,017.00'),(88,'MANUTENCAO','1,861.00','2,014.00','MEDIO','','3º REPASSE CONVENCIONAL REFERENTE AO ANO DE 2013','3.00','14,981.25','74,378.00','2,014.00'),(88,'MANUTENCAO','1,861.00','2,014.00','MEDIO','','3ªPARCELA DO REPASSE CONVENCIONAL','3.00','14,631.25','18,237.00','2,015.00'),(88,'MANUTENCAO','1,861.00','2,015.00','MEDIO','','1ª PARCELA DO REPASSE CONVENCIONAL','1.00','14,012.50','20,584.00','2,016.00'),(88,'MANUTENCAO','1,861.00','2,015.00','MEDIO','','2ª PARCELA DO REPASSE CONVENCIONAL','2.00','14,012.50','20,584.00','2,016.00'),(88,'MANUTENCAO','1,861.00','2,015.00','MEDIO','','CUSTEIO DE DESPESAS COM O PROJETO JOVEM EMBAIXADOR NOS ESTADOS UNIDOS DA AMERICA.','1.00','3,840.00','221,287.00','2,016.00'),(88,'MANUTENCAO','1,861.00','2,016.00','','','1º REPASSE DO EMERGENCIAL PARA AS ESCOLAS DO ENSINO MEDIO.','1.00','2,000.00','221,303.00','2,016.00'),(88,'MANUTENCAO','1,861.00','2,016.00','MEDIO','','1ª PARCELA DO REPASSE CONVENCIONAL 2016','1.00','13,450.00','474.00','2,017.00'),(88,'MANUTENCAO','1,861.00','2,016.00','MEDIO','','2ª PARCELA DO REPASSE CONVENCIONAL 2016','2.00','13,450.00','474.00','2,017.00'),(88,'MANUTENCAO','1,861.00','2,016.00','MEDIO','','3ª PARCELA DO REPASSE CONVENCIONAL 2016','3.00','13,450.00','476.00','2,017.00'),(88,'MANUTENCAO','1,861.00','2,016.00','MEDIO','','4ª PARCELA DO REPASSE CONVENCIONAL 2016','4.00','13,450.00','476.00','2,017.00'),(88,'OUTROS','1,861.00','2,016.00','MEDIO','','REPASSE EXTRA PARA SUPRIR AS DESPESAS COM ESCOLAS DA REDE ESTADUAL QUE OBTIVERAM OS MELHORES RESULTADOS NO ENEM 2015.','1.00','10,000.00','451.00','2,017.00'),(88,'MANUTENCAO','1,861.00','2,017.00','MEDIO','','1ª PARCELA DO REPASSE CONVENCIONAL 2017','1.00','13,593.75','188,486.00','2,017.00'),(88,'MANUTENCAO','1,861.00','2,017.00','MEDIO','','2ª PARCELA DO REPASSE CONVENCIONAL 2017','2.00','13,593.75','188,486.00','2,017.00'),(88,'MANUTENCAO','1,861.00','2,017.00','MEDIO E FUNDAMENTAL','','3ª PARCELA DO REPASSE CONVENCIONAL 2017','3.00','13,593.75','',''),(88,'MANUTENCAO','1,861.00','2,014.00','MEDIO','','3º REPASSE CONVENCIONAL REFERENTE AO ANO DE 2013','3.00','14,981.25','74,378.00','2,014.00'),(88,'MANUTENCAO','1,861.00','2,013.00','','','REPASSE AS CAIXA ESCOLARES PARA O DESFILE ESTUDANTIL 2013','1.00','19,185.00','7,361.00','2,013.00'),(88,'MANUTENCAO','1,861.00','2,013.00','MEDIO','','','1.00','14,981.25','7,361.00','2,014.00'),(88,'MANUTENCAO','1,861.00','2,013.00','MEDIO','','','2.00','14,981.25','5,607.00','2,013.00'),(88,'MANUTENCAO','1,861.00','2,014.00','MEDIO','','4º REPASSE CONVENCIONAL REFERENTE AO ANO DE 2013','4.00','14,981.25','74,393.00','2,014.00'),(88,'MANUTENCAO','1,861.00','2,014.00','MEDIO','','1ªPARCELA DO REPASSE CONVENCIONAL','1.00','14,631.25','9,815.00','2,015.00'),(88,'PAGAMENTO TERCEIROS','1,861.00','2,014.00','MEDIO','','REPASSE EXTRA DE RECURSO FINANCEIRO PARA CUSTEAR DESPESAS COM SERVICO DE INSTALACAO DE AR CONDICIONADO.','1.00','7,000.00','9,810.00','2,015.00'),(88,'MANUTENCAO','1,861.00','2,014.00','MEDIO','','REPASSE EXTRA DE RECURSO FINANCEIRO DESTINADO A DESPESAS COM PEQUENOS SERVICOS DE ENGENHARIA.','1.00','14,000.00','9,810.00','2,015.00'),(88,'OUTROS','1,861.00','2,014.00','MEDIO E FUNDAMENTAL','','REPASSE EXTRA DE RECURSOS FINANCEIRO PARA CUSTEAR DESPESAS NA COMPRA DE VESTIMENTAS AOS ALUNOS QUE PARTICIPACAO DO ENCONTRO NACIONAL PARLAMENTO JUVENIL DO MERCOSUL','1.00','960.00','15,117.00','2,015.00'),(88,'MANUTENCAO','1,861.00','2,014.00','MEDIO','','2ªPARCELA DO REPASSE CONVENCIONAL','2.00','14,631.25','9,815.00','2,015.00'),(88,'MANUTENCAO','1,861.00','2,014.00','','','REPASSE EXTRA DE RECURSO FINANCEIRO DESTINADO A REALIZACAO DO DESFILE ESTUDANTIL 2014.','1.00','12,339.00','9,819.00','2,015.00'),(88,'MANUTENCAO','1,861.00','2,014.00','MEDIO','','3ªPARCELA DO REPASSE CONVENCIONAL','3.00','14,631.25','18,237.00','2,015.00'),(88,'MANUTENCAO','1,861.00','2,015.00','MEDIO','','1ª PARCELA DO REPASSE CONVENCIONAL','1.00','14,012.50','20,584.00','2,016.00'),(88,'MANUTENCAO','1,861.00','2,015.00','MEDIO','','2ª PARCELA DO REPASSE CONVENCIONAL','2.00','14,012.50','20,584.00','2,016.00'),(88,'MANUTENCAO','1,861.00','2,015.00','MEDIO','','CUSTEIO DE DESPESAS COM O PROJETO JOVEM EMBAIXADOR NOS ESTADOS UNIDOS DA AMERICA.','1.00','3,840.00','221,287.00','2,016.00'),(88,'MANUTENCAO','1,861.00','2,016.00','','','1º REPASSE DO EMERGENCIAL PARA AS ESCOLAS DO ENSINO MEDIO.','1.00','2,000.00','221,303.00','2,016.00'),(88,'MANUTENCAO','1,861.00','2,016.00','MEDIO','','1ª PARCELA DO REPASSE CONVENCIONAL 2016','1.00','13,450.00','474.00','2,017.00'),(88,'MANUTENCAO','1,861.00','2,016.00','MEDIO','','2ª PARCELA DO REPASSE CONVENCIONAL 2016','2.00','13,450.00','474.00','2,017.00'),(88,'MANUTENCAO','1,861.00','2,016.00','MEDIO','','3ª PARCELA DO REPASSE CONVENCIONAL 2016','3.00','13,450.00','476.00','2,017.00'),(88,'MANUTENCAO','1,861.00','2,016.00','MEDIO','','4ª PARCELA DO REPASSE CONVENCIONAL 2016','4.00','13,450.00','476.00','2,017.00'),(88,'OUTROS','1,861.00','2,016.00','MEDIO','','REPASSE EXTRA PARA SUPRIR AS DESPESAS COM ESCOLAS DA REDE ESTADUAL QUE OBTIVERAM OS MELHORES RESULTADOS NO ENEM 2015.','1.00','10,000.00','451.00','2,017.00'),(88,'MANUTENCAO','1,861.00','2,017.00','MEDIO','','1ª PARCELA DO REPASSE CONVENCIONAL 2017','1.00','13,593.75','188,486.00','2,017.00'),(88,'MANUTENCAO','1,861.00','2,017.00','MEDIO','','2ª PARCELA DO REPASSE CONVENCIONAL 2017','2.00','13,593.75','188,486.00','2,017.00'),(88,'MANUTENCAO','1,861.00','2,017.00','MEDIO E FUNDAMENTAL','','3ª PARCELA DO REPASSE CONVENCIONAL 2017','3.00','13,593.75','',''),(88,'MANUTENCAO','1,861.00','2,014.00','MEDIO','','3º REPASSE CONVENCIONAL REFERENTE AO ANO DE 2013','3.00','14,981.25','74,378.00','2,014.00'),(88,'MANUTENCAO','1,861.00','2,013.00','','','REPASSE AS CAIXA ESCOLARES PARA O DESFILE ESTUDANTIL 2013','1.00','19,185.00','7,361.00','2,013.00'),(88,'MANUTENCAO','1,861.00','2,013.00','MEDIO','','','1.00','14,981.25','7,361.00','2,014.00'),(88,'MANUTENCAO','1,861.00','2,013.00','MEDIO','','','2.00','14,981.25','5,607.00','2,013.00'),(88,'MANUTENCAO','1,861.00','2,014.00','MEDIO','','4º REPASSE CONVENCIONAL REFERENTE AO ANO DE 2013','4.00','14,981.25','74,393.00','2,014.00'),(88,'MANUTENCAO','1,861.00','2,014.00','MEDIO','','1ªPARCELA DO REPASSE CONVENCIONAL','1.00','14,631.25','9,815.00','2,015.00'),(88,'PAGAMENTO TERCEIROS','1,861.00','2,014.00','MEDIO','','REPASSE EXTRA DE RECURSO FINANCEIRO PARA CUSTEAR DESPESAS COM SERVICO DE INSTALACAO DE AR CONDICIONADO.','1.00','7,000.00','9,810.00','2,015.00'),(88,'MANUTENCAO','1,861.00','2,014.00','MEDIO','','REPASSE EXTRA DE RECURSO FINANCEIRO DESTINADO A DESPESAS COM PEQUENOS SERVICOS DE ENGENHARIA.','1.00','14,000.00','9,810.00','2,015.00'),(88,'OUTROS','1,861.00','2,014.00','MEDIO E FUNDAMENTAL','','REPASSE EXTRA DE RECURSOS FINANCEIRO PARA CUSTEAR DESPESAS NA COMPRA DE VESTIMENTAS AOS ALUNOS QUE PARTICIPACAO DO ENCONTRO NACIONAL PARLAMENTO JUVENIL DO MERCOSUL','1.00','960.00','15,117.00','2,015.00'),(88,'MANUTENCAO','1,861.00','2,014.00','MEDIO','','2ªPARCELA DO REPASSE CONVENCIONAL','2.00','14,631.25','9,815.00','2,015.00'),(88,'MANUTENCAO','1,861.00','2,014.00','','','REPASSE EXTRA DE RECURSO FINANCEIRO DESTINADO A REALIZACAO DO DESFILE ESTUDANTIL 2014.','1.00','12,339.00','9,819.00','2,015.00'),(88,'MANUTENCAO','1,861.00','2,014.00','MEDIO','','3ªPARCELA DO REPASSE CONVENCIONAL','3.00','14,631.25','18,237.00','2,015.00'),(88,'MANUTENCAO','1,861.00','2,015.00','MEDIO','','1ª PARCELA DO REPASSE CONVENCIONAL','1.00','14,012.50','20,584.00','2,016.00'),(88,'MANUTENCAO','1,861.00','2,015.00','MEDIO','','2ª PARCELA DO REPASSE CONVENCIONAL','2.00','14,012.50','20,584.00','2,016.00'),(88,'MANUTENCAO','1,861.00','2,015.00','MEDIO','','CUSTEIO DE DESPESAS COM O PROJETO JOVEM EMBAIXADOR NOS ESTADOS UNIDOS DA AMERICA.','1.00','3,840.00','221,287.00','2,016.00'),(88,'MANUTENCAO','1,861.00','2,016.00','','','1º REPASSE DO EMERGENCIAL PARA AS ESCOLAS DO ENSINO MEDIO.','1.00','2,000.00','221,303.00','2,016.00'),(88,'MANUTENCAO','1,861.00','2,016.00','MEDIO','','1ª PARCELA DO REPASSE CONVENCIONAL 2016','1.00','13,450.00','474.00','2,017.00'),(88,'MANUTENCAO','1,861.00','2,016.00','MEDIO','','2ª PARCELA DO REPASSE CONVENCIONAL 2016','2.00','13,450.00','474.00','2,017.00'),(88,'MANUTENCAO','1,861.00','2,016.00','MEDIO','','3ª PARCELA DO REPASSE CONVENCIONAL 2016','3.00','13,450.00','476.00','2,017.00'),(88,'MANUTENCAO','1,861.00','2,016.00','MEDIO','','4ª PARCELA DO REPASSE CONVENCIONAL 2016','4.00','13,450.00','476.00','2,017.00'),(88,'OUTROS','1,861.00','2,016.00','MEDIO','','REPASSE EXTRA PARA SUPRIR AS DESPESAS COM ESCOLAS DA REDE ESTADUAL QUE OBTIVERAM OS MELHORES RESULTADOS NO ENEM 2015.','1.00','10,000.00','451.00','2,017.00'),(88,'MANUTENCAO','1,861.00','2,017.00','MEDIO','','1ª PARCELA DO REPASSE CONVENCIONAL 2017','1.00','13,593.75','188,486.00','2,017.00'),(88,'MANUTENCAO','1,861.00','2,017.00','MEDIO','','2ª PARCELA DO REPASSE CONVENCIONAL 2017','2.00','13,593.75','188,486.00','2,017.00'),(88,'MANUTENCAO','1,861.00','2,017.00','MEDIO E FUNDAMENTAL','','3ª PARCELA DO REPASSE CONVENCIONAL 2017','3.00','13,593.75','',''),(88,'MANUTENCAO','1,861.00','2,014.00','MEDIO','','3º REPASSE CONVENCIONAL REFERENTE AO ANO DE 2013','3.00','14,981.25','74,378.00','2,014.00'),(88,'MANUTENCAO','1,861.00','2,013.00','','','REPASSE AS CAIXA ESCOLARES PARA O DESFILE ESTUDANTIL 2013','1.00','19,185.00','7,361.00','2,013.00'),(88,'MANUTENCAO','1,861.00','2,013.00','MEDIO','','','1.00','14,981.25','7,361.00','2,014.00'),(367,'MANUTENCAO','2,192.00','2,014.00','FUNDAMENTAL','','2ªPARCELA DO REPASSE CONVENCIONAL','2.00','2,025.00','250,614.00','2,016.00'),(367,'MANUTENCAO','2,192.00','2,017.00','MEDIO','','1ª PARCELA DO REPASSE CONVENCIONAL 2017','1.00','2,212.50','241,957.00','2,017.00'),(367,'MANUTENCAO','2,192.00','2,015.00','MEDIO','','1ª PARCELA DO REPASSE CONVENCIONAL','1.00','2,143.75','250,619.00','2,016.00'),(367,'MANUTENCAO','2,192.00','2,015.00','MEDIO','','1ª PARCELA DO REPASSE CONVENCIONAL','1.00','2,143.75','250,619.00','2,016.00'),(367,'MANUTENCAO','2,192.00','2,015.00','FUNDAMENTAL','','1ª PARCELA DO REPASSE CONVENCIONAL','1.00','2,125.00','250,619.00','2,016.00'),(367,'OUTROS','2,192.00','2,016.00','MEDIO','','REPASSE EXTRA PARA DESPESAS COM ESCOLA QUE OBTIVERAM OS MELHORES RESULTADOS NO ENEM 2016.','1.00','10,000.00','83,942.00','2,017.00'),(367,'MANUTENCAO','2,192.00','2,017.00','MEDIO','','2ª PARCELA DO REPASSE CONVENCIONAL 2017','2.00','2,212.50','241,957.00','2,017.00'),(367,'MANUTENCAO','2,192.00','2,017.00','MEDIO','','1ª PARCELA DO REPASSE CONVENCIONAL 2017','1.00','2,212.50','241,957.00','2,017.00'),(367,'MANUTENCAO','2,192.00','2,016.00','','','SEGUNDO REPASSE EMERGENCIAL PARA ESCOLAS DE ENSINO FUNDAMENTAL E MEDIO.','1.00','2,000.00','19,285.00','2,017.00'),(367,'MANUTENCAO','2,192.00','2,017.00','FUNDAMENTAL','','1ª PARCELA DO REPASSE CONVENCIONAL 2017','1.00','2,243.75','241,957.00','2,017.00'),(367,'OUTROS','2,192.00','2,016.00','MEDIO','','REPASSE EXTRA PARA DESPESAS COM ESCOLA QUE OBTIVERAM OS MELHORES RESULTADOS NO ENEM 2016.','1.00','10,000.00','83,942.00','2,017.00'),(367,'MANUTENCAO','2,192.00','2,017.00','MEDIO','','2ª PARCELA DO REPASSE CONVENCIONAL 2017','2.00','2,212.50','241,957.00','2,017.00'),(367,'MANUTENCAO','2,192.00','2,017.00','FUNDAMENTAL','','2ª PARCELA DO REPASSE CONVENCIONAL 2017','2.00','2,243.75','241,957.00','2,017.00'),(367,'MANUTENCAO','2,192.00','2,015.00','FUNDAMENTAL','','1ª PARCELA DO REPASSE CONVENCIONAL','1.00','2,125.00','250,619.00','2,016.00'),(367,'OUTROS','2,192.00','2,016.00','MEDIO','','REPASSE EXTRA PARA DESPESAS COM ESCOLA QUE OBTIVERAM OS MELHORES RESULTADOS NO ENEM 2016.','1.00','10,000.00','83,942.00','2,017.00'),(367,'MANUTENCAO','2,192.00','2,017.00','MEDIO','','1ª PARCELA DO REPASSE CONVENCIONAL 2017','1.00','2,212.50','241,957.00','2,017.00'),(367,'MANUTENCAO','2,192.00','2,017.00','MEDIO','','1ª PARCELA DO REPASSE CONVENCIONAL 2017','1.00','2,212.50','',''),(367,'MANUTENCAO','2,192.00','2,017.00','FUNDAMENTAL','','1ª PARCELA DO REPASSE CONVENCIONAL 2017','1.00','2,243.75','',''),(367,'MANUTENCAO','2,192.00','2,017.00','FUNDAMENTAL','','1ª PARCELA DO REPASSE CONVENCIONAL 2017','1.00','2,243.75','241,957.00','2,017.00'),(367,'MANUTENCAO','2,192.00','2,017.00','MEDIO','','2ª PARCELA DO REPASSE CONVENCIONAL 2017','2.00','2,212.50','',''),(367,'MANUTENCAO','2,192.00','2,017.00','FUNDAMENTAL','','2ª PARCELA DO REPASSE CONVENCIONAL 2017','2.00','2,243.75','',''),(367,'MANUTENCAO','2,192.00','2,017.00','FUNDAMENTAL','','2ª PARCELA DO REPASSE CONVENCIONAL 2017','2.00','2,243.75','241,957.00','2,017.00'),(367,'MANUTENCAO','2,192.00','2,017.00','MEDIO','','2ª PARCELA DO REPASSE CONVENCIONAL 2017','2.00','2,212.50','241,957.00','2,017.00'),(367,'MANUTENCAO','2,192.00','2,017.00','FUNDAMENTAL','','2ª PARCELA DO REPASSE CONVENCIONAL 2017','2.00','2,243.75','241,957.00','2,017.00'),(367,'MANUTENCAO','2,192.00','2,017.00','FUNDAMENTAL','','1ª PARCELA DO REPASSE CONVENCIONAL 2017','1.00','2,243.75','241,957.00','2,017.00'),(367,'MANUTENCAO','2,192.00','2,017.00','FUNDAMENTAL','','2ª PARCELA DO REPASSE CONVENCIONAL 2017','2.00','2,243.75','241,957.00','2,017.00'),(367,'MANUTENCAO','2,192.00','2,016.00','','','SEGUNDO REPASSE EMERGENCIAL PARA ESCOLAS DE ENSINO FUNDAMENTAL E MEDIO.','1.00','2,000.00','19,285.00','2,017.00'),(367,'MANUTENCAO','2,192.00','2,016.00','','','SEGUNDO REPASSE EMERGENCIAL PARA ESCOLAS DE ENSINO FUNDAMENTAL E MEDIO.','1.00','2,000.00','19,285.00','2,017.00'),(367,'MANUTENCAO','2,192.00','2,014.00','FUNDAMENTAL','','2ªPARCELA DO REPASSE CONVENCIONAL','2.00','2,025.00','250,614.00','2,016.00'),(367,'OUTROS','2,192.00','2,016.00','MEDIO','','REPASSE EXTRA PARA DESPESAS COM ESCOLA QUE OBTIVERAM OS MELHORES RESULTADOS NO ENEM 2016.','1.00','10,000.00','83,942.00','2,017.00'),(367,'MANUTENCAO','2,192.00','2,014.00','FUNDAMENTAL','','2ªPARCELA DO REPASSE CONVENCIONAL','2.00','2,025.00','250,614.00','2,016.00'),(367,'MANUTENCAO','2,192.00','2,015.00','MEDIO','','1ª PARCELA DO REPASSE CONVENCIONAL','1.00','2,143.75','250,619.00','2,016.00'),(367,'MANUTENCAO','2,192.00','2,015.00','MEDIO','','1ª PARCELA DO REPASSE CONVENCIONAL','1.00','2,143.75','250,619.00','2,016.00'),(367,'MANUTENCAO','2,192.00','2,014.00','FUNDAMENTAL','','2ªPARCELA DO REPASSE CONVENCIONAL','2.00','2,025.00','250,614.00','2,016.00'),(367,'MANUTENCAO','2,192.00','2,017.00','MEDIO','','2ª PARCELA DO REPASSE CONVENCIONAL 2017','2.00','2,212.50','241,957.00','2,017.00'),(367,'MANUTENCAO','2,192.00','2,015.00','MEDIO','','1ª PARCELA DO REPASSE CONVENCIONAL','1.00','2,143.75','250,619.00','2,016.00'),(367,'MANUTENCAO','2,192.00','2,015.00','FUNDAMENTAL','','1ª PARCELA DO REPASSE CONVENCIONAL','1.00','2,125.00','250,619.00','2,016.00'),(367,'MANUTENCAO','2,192.00','2,015.00','FUNDAMENTAL','','1ª PARCELA DO REPASSE CONVENCIONAL','1.00','2,125.00','250,619.00','2,016.00'),(367,'OUTROS','2,192.00','2,016.00','MEDIO','','REPASSE EXTRA PARA DESPESAS COM ESCOLA QUE OBTIVERAM OS MELHORES RESULTADOS NO ENEM 2016.','1.00','10,000.00','83,942.00','2,017.00'),(367,'MANUTENCAO','2,192.00','2,015.00','FUNDAMENTAL','','1ª PARCELA DO REPASSE CONVENCIONAL','1.00','2,125.00','250,619.00','2,016.00'),(367,'MANUTENCAO','2,192.00','2,017.00','MEDIO','','1ª PARCELA DO REPASSE CONVENCIONAL 2017','1.00','2,212.50','241,957.00','2,017.00'),(367,'MANUTENCAO','2,192.00','2,016.00','','','SEGUNDO REPASSE EMERGENCIAL PARA ESCOLAS DE ENSINO FUNDAMENTAL E MEDIO.','1.00','2,000.00','19,285.00','2,017.00'),(367,'MANUTENCAO','2,192.00','2,016.00','','','SEGUNDO REPASSE EMERGENCIAL PARA ESCOLAS DE ENSINO FUNDAMENTAL E MEDIO.','1.00','2,000.00','19,285.00','2,017.00'),(367,'MANUTENCAO','2,192.00','2,017.00','FUNDAMENTAL','','1ª PARCELA DO REPASSE CONVENCIONAL 2017','1.00','2,243.75','241,957.00','2,017.00'),(367,'MANUTENCAO','2,192.00','2,014.00','FUNDAMENTAL','','2ªPARCELA DO REPASSE CONVENCIONAL','2.00','2,025.00','250,614.00','2,016.00'),(88,'MANUTENCAO','1,861.00','2,017.00','MEDIO E FUNDAMENTAL','','3ª PARCELA DO REPASSE CONVENCIONAL 2017','3.00','13,593.75','',''),(88,'MANUTENCAO','1,861.00','2,013.00','','','REPASSE AS CAIXA ESCOLARES PARA O DESFILE ESTUDANTIL 2013','1.00','19,185.00','7,361.00','2,013.00'),(88,'MANUTENCAO','1,861.00','2,013.00','MEDIO','','','1.00','14,981.25','7,361.00','2,014.00'),(88,'MANUTENCAO','1,861.00','2,013.00','MEDIO','','','2.00','14,981.25','5,607.00','2,013.00'),(88,'MANUTENCAO','1,861.00','2,014.00','MEDIO','','4º REPASSE CONVENCIONAL REFERENTE AO ANO DE 2013','4.00','14,981.25','74,393.00','2,014.00'),(88,'MANUTENCAO','1,861.00','2,014.00','MEDIO','','1ªPARCELA DO REPASSE CONVENCIONAL','1.00','14,631.25','9,815.00','2,015.00'),(88,'PAGAMENTO TERCEIROS','1,861.00','2,014.00','MEDIO','','REPASSE EXTRA DE RECURSO FINANCEIRO PARA CUSTEAR DESPESAS COM SERVICO DE INSTALACAO DE AR CONDICIONADO.','1.00','7,000.00','9,810.00','2,015.00'),(88,'MANUTENCAO','1,861.00','2,014.00','MEDIO','','REPASSE EXTRA DE RECURSO FINANCEIRO DESTINADO A DESPESAS COM PEQUENOS SERVICOS DE ENGENHARIA.','1.00','14,000.00','9,810.00','2,015.00'),(88,'OUTROS','1,861.00','2,014.00','MEDIO E FUNDAMENTAL','','REPASSE EXTRA DE RECURSOS FINANCEIRO PARA CUSTEAR DESPESAS NA COMPRA DE VESTIMENTAS AOS ALUNOS QUE PARTICIPACAO DO ENCONTRO NACIONAL PARLAMENTO JUVENIL DO MERCOSUL','1.00','960.00','15,117.00','2,015.00'),(88,'MANUTENCAO','1,861.00','2,014.00','MEDIO','','2ªPARCELA DO REPASSE CONVENCIONAL','2.00','14,631.25','9,815.00','2,015.00'),(88,'MANUTENCAO','1,861.00','2,014.00','','','REPASSE EXTRA DE RECURSO FINANCEIRO DESTINADO A REALIZACAO DO DESFILE ESTUDANTIL 2014.','1.00','12,339.00','9,819.00','2,015.00'),(88,'MANUTENCAO','1,861.00','2,013.00','MEDIO','','','2.00','14,981.25','5,607.00','2,013.00'),(88,'MANUTENCAO','1,861.00','2,014.00','MEDIO','','4º REPASSE CONVENCIONAL REFERENTE AO ANO DE 2013','4.00','14,981.25','74,393.00','2,014.00'),(88,'MANUTENCAO','1,861.00','2,014.00','MEDIO','','1ªPARCELA DO REPASSE CONVENCIONAL','1.00','14,631.25','9,815.00','2,015.00'),(88,'PAGAMENTO TERCEIROS','1,861.00','2,014.00','MEDIO','','REPASSE EXTRA DE RECURSO FINANCEIRO PARA CUSTEAR DESPESAS COM SERVICO DE INSTALACAO DE AR CONDICIONADO.','1.00','7,000.00','9,810.00','2,015.00'),(88,'MANUTENCAO','1,861.00','2,014.00','MEDIO','','REPASSE EXTRA DE RECURSO FINANCEIRO DESTINADO A DESPESAS COM PEQUENOS SERVICOS DE ENGENHARIA.','1.00','14,000.00','9,810.00','2,015.00'),(88,'OUTROS','1,861.00','2,014.00','MEDIO E FUNDAMENTAL','','REPASSE EXTRA DE RECURSOS FINANCEIRO PARA CUSTEAR DESPESAS NA COMPRA DE VESTIMENTAS AOS ALUNOS QUE PARTICIPACAO DO ENCONTRO NACIONAL PARLAMENTO JUVENIL DO MERCOSUL','1.00','960.00','15,117.00','2,015.00'),(88,'MANUTENCAO','1,861.00','2,014.00','MEDIO','','2ªPARCELA DO REPASSE CONVENCIONAL','2.00','14,631.25','9,815.00','2,015.00'),(88,'MANUTENCAO','1,861.00','2,014.00','','','REPASSE EXTRA DE RECURSO FINANCEIRO DESTINADO A REALIZACAO DO DESFILE ESTUDANTIL 2014.','1.00','12,339.00','9,819.00','2,015.00'),(88,'MANUTENCAO','1,861.00','2,014.00','MEDIO','','3ªPARCELA DO REPASSE CONVENCIONAL','3.00','14,631.25','18,237.00','2,015.00'),(88,'MANUTENCAO','1,861.00','2,015.00','MEDIO','','1ª PARCELA DO REPASSE CONVENCIONAL','1.00','14,012.50','20,584.00','2,016.00'),(88,'MANUTENCAO','1,861.00','2,015.00','MEDIO','','2ª PARCELA DO REPASSE CONVENCIONAL','2.00','14,012.50','20,584.00','2,016.00'),(88,'MANUTENCAO','1,861.00','2,015.00','MEDIO','','CUSTEIO DE DESPESAS COM O PROJETO JOVEM EMBAIXADOR NOS ESTADOS UNIDOS DA AMERICA.','1.00','3,840.00','221,287.00','2,016.00'),(88,'MANUTENCAO','1,861.00','2,016.00','','','1º REPASSE DO EMERGENCIAL PARA AS ESCOLAS DO ENSINO MEDIO.','1.00','2,000.00','221,303.00','2,016.00'),(88,'MANUTENCAO','1,861.00','2,016.00','MEDIO','','1ª PARCELA DO REPASSE CONVENCIONAL 2016','1.00','13,450.00','474.00','2,017.00'),(88,'MANUTENCAO','1,861.00','2,016.00','MEDIO','','2ª PARCELA DO REPASSE CONVENCIONAL 2016','2.00','13,450.00','474.00','2,017.00'),(88,'MANUTENCAO','1,861.00','2,016.00','MEDIO','','3ª PARCELA DO REPASSE CONVENCIONAL 2016','3.00','13,450.00','476.00','2,017.00'),(88,'MANUTENCAO','1,861.00','2,016.00','MEDIO','','4ª PARCELA DO REPASSE CONVENCIONAL 2016','4.00','13,450.00','476.00','2,017.00'),(88,'OUTROS','1,861.00','2,016.00','MEDIO','','REPASSE EXTRA PARA SUPRIR AS DESPESAS COM ESCOLAS DA REDE ESTADUAL QUE OBTIVERAM OS MELHORES RESULTADOS NO ENEM 2015.','1.00','10,000.00','451.00','2,017.00'),(88,'MANUTENCAO','1,861.00','2,017.00','MEDIO','','1ª PARCELA DO REPASSE CONVENCIONAL 2017','1.00','13,593.75','188,486.00','2,017.00'),(88,'MANUTENCAO','1,861.00','2,017.00','MEDIO','','2ª PARCELA DO REPASSE CONVENCIONAL 2017','2.00','13,593.75','188,486.00','2,017.00'),(88,'MANUTENCAO','1,861.00','2,017.00','MEDIO E FUNDAMENTAL','','3ª PARCELA DO REPASSE CONVENCIONAL 2017','3.00','13,593.75','',''),(88,'MANUTENCAO','1,861.00','2,014.00','MEDIO','','3º REPASSE CONVENCIONAL REFERENTE AO ANO DE 2013','3.00','14,981.25','74,378.00','2,014.00'),(88,'MANUTENCAO','1,861.00','2,013.00','','','REPASSE AS CAIXA ESCOLARES PARA O DESFILE ESTUDANTIL 2013','1.00','19,185.00','7,361.00','2,013.00'),(88,'MANUTENCAO','1,861.00','2,013.00','MEDIO','','','1.00','14,981.25','7,361.00','2,014.00'),(88,'MANUTENCAO','1,861.00','2,013.00','MEDIO','','','2.00','14,981.25','5,607.00','2,013.00'),(88,'MANUTENCAO','1,861.00','2,014.00','MEDIO','','4º REPASSE CONVENCIONAL REFERENTE AO ANO DE 2013','4.00','14,981.25','74,393.00','2,014.00'),(88,'MANUTENCAO','1,861.00','2,014.00','MEDIO','','1ªPARCELA DO REPASSE CONVENCIONAL','1.00','14,631.25','9,815.00','2,015.00'),(88,'PAGAMENTO TERCEIROS','1,861.00','2,014.00','MEDIO','','REPASSE EXTRA DE RECURSO FINANCEIRO PARA CUSTEAR DESPESAS COM SERVICO DE INSTALACAO DE AR CONDICIONADO.','1.00','7,000.00','9,810.00','2,015.00'),(88,'MANUTENCAO','1,861.00','2,014.00','MEDIO','','REPASSE EXTRA DE RECURSO FINANCEIRO DESTINADO A DESPESAS COM PEQUENOS SERVICOS DE ENGENHARIA.','1.00','14,000.00','9,810.00','2,015.00'),(88,'OUTROS','1,861.00','2,014.00','MEDIO E FUNDAMENTAL','','REPASSE EXTRA DE RECURSOS FINANCEIRO PARA CUSTEAR DESPESAS NA COMPRA DE VESTIMENTAS AOS ALUNOS QUE PARTICIPACAO DO ENCONTRO NACIONAL PARLAMENTO JUVENIL DO MERCOSUL','1.00','960.00','15,117.00','2,015.00'),(88,'MANUTENCAO','1,861.00','2,014.00','MEDIO','','2ªPARCELA DO REPASSE CONVENCIONAL','2.00','14,631.25','9,815.00','2,015.00'),(88,'MANUTENCAO','1,861.00','2,014.00','','','REPASSE EXTRA DE RECURSO FINANCEIRO DESTINADO A REALIZACAO DO DESFILE ESTUDANTIL 2014.','1.00','12,339.00','9,819.00','2,015.00'),(88,'MANUTENCAO','1,861.00','2,014.00','MEDIO','','3ªPARCELA DO REPASSE CONVENCIONAL','3.00','14,631.25','18,237.00','2,015.00'),(88,'MANUTENCAO','1,861.00','2,015.00','MEDIO','','1ª PARCELA DO REPASSE CONVENCIONAL','1.00','14,012.50','20,584.00','2,016.00'),(88,'MANUTENCAO','1,861.00','2,015.00','MEDIO','','2ª PARCELA DO REPASSE CONVENCIONAL','2.00','14,012.50','20,584.00','2,016.00'),(88,'MANUTENCAO','1,861.00','2,015.00','MEDIO','','CUSTEIO DE DESPESAS COM O PROJETO JOVEM EMBAIXADOR NOS ESTADOS UNIDOS DA AMERICA.','1.00','3,840.00','221,287.00','2,016.00'),(88,'MANUTENCAO','1,861.00','2,016.00','','','1º REPASSE DO EMERGENCIAL PARA AS ESCOLAS DO ENSINO MEDIO.','1.00','2,000.00','221,303.00','2,016.00'),(88,'MANUTENCAO','1,861.00','2,016.00','MEDIO','','1ª PARCELA DO REPASSE CONVENCIONAL 2016','1.00','13,450.00','474.00','2,017.00'),(88,'MANUTENCAO','1,861.00','2,016.00','MEDIO','','2ª PARCELA DO REPASSE CONVENCIONAL 2016','2.00','13,450.00','474.00','2,017.00'),(88,'MANUTENCAO','1,861.00','2,016.00','MEDIO','','3ª PARCELA DO REPASSE CONVENCIONAL 2016','3.00','13,450.00','476.00','2,017.00'),(88,'MANUTENCAO','1,861.00','2,016.00','MEDIO','','4ª PARCELA DO REPASSE CONVENCIONAL 2016','4.00','13,450.00','476.00','2,017.00'),(88,'OUTROS','1,861.00','2,016.00','MEDIO','','REPASSE EXTRA PARA SUPRIR AS DESPESAS COM ESCOLAS DA REDE ESTADUAL QUE OBTIVERAM OS MELHORES RESULTADOS NO ENEM 2015.','1.00','10,000.00','451.00','2,017.00'),(88,'MANUTENCAO','1,861.00','2,017.00','MEDIO','','1ª PARCELA DO REPASSE CONVENCIONAL 2017','1.00','13,593.75','188,486.00','2,017.00'),(88,'MANUTENCAO','1,861.00','2,017.00','MEDIO','','2ª PARCELA DO REPASSE CONVENCIONAL 2017','2.00','13,593.75','188,486.00','2,017.00'),(88,'MANUTENCAO','1,861.00','2,014.00','MEDIO','','3º REPASSE CONVENCIONAL REFERENTE AO ANO DE 2013','3.00','14,981.25','74,378.00','2,014.00'),(88,'MANUTENCAO','1,861.00','2,014.00','MEDIO','','3ªPARCELA DO REPASSE CONVENCIONAL','3.00','14,631.25','18,237.00','2,015.00'),(88,'MANUTENCAO','1,861.00','2,015.00','MEDIO','','1ª PARCELA DO REPASSE CONVENCIONAL','1.00','14,012.50','20,584.00','2,016.00'),(88,'MANUTENCAO','1,861.00','2,015.00','MEDIO','','2ª PARCELA DO REPASSE CONVENCIONAL','2.00','14,012.50','20,584.00','2,016.00'),(88,'MANUTENCAO','1,861.00','2,015.00','MEDIO','','CUSTEIO DE DESPESAS COM O PROJETO JOVEM EMBAIXADOR NOS ESTADOS UNIDOS DA AMERICA.','1.00','3,840.00','221,287.00','2,016.00'),(88,'MANUTENCAO','1,861.00','2,016.00','','','1º REPASSE DO EMERGENCIAL PARA AS ESCOLAS DO ENSINO MEDIO.','1.00','2,000.00','221,303.00','2,016.00'),(88,'MANUTENCAO','1,861.00','2,016.00','MEDIO','','1ª PARCELA DO REPASSE CONVENCIONAL 2016','1.00','13,450.00','474.00','2,017.00'),(88,'MANUTENCAO','1,861.00','2,016.00','MEDIO','','2ª PARCELA DO REPASSE CONVENCIONAL 2016','2.00','13,450.00','474.00','2,017.00'),(88,'MANUTENCAO','1,861.00','2,016.00','MEDIO','','3ª PARCELA DO REPASSE CONVENCIONAL 2016','3.00','13,450.00','476.00','2,017.00'),(88,'MANUTENCAO','1,861.00','2,016.00','MEDIO','','4ª PARCELA DO REPASSE CONVENCIONAL 2016','4.00','13,450.00','476.00','2,017.00'),(88,'OUTROS','1,861.00','2,016.00','MEDIO','','REPASSE EXTRA PARA SUPRIR AS DESPESAS COM ESCOLAS DA REDE ESTADUAL QUE OBTIVERAM OS MELHORES RESULTADOS NO ENEM 2015.','1.00','10,000.00','451.00','2,017.00'),(88,'MANUTENCAO','1,861.00','2,017.00','MEDIO','','1ª PARCELA DO REPASSE CONVENCIONAL 2017','1.00','13,593.75','188,486.00','2,017.00'),(88,'MANUTENCAO','1,861.00','2,017.00','MEDIO','','2ª PARCELA DO REPASSE CONVENCIONAL 2017','2.00','13,593.75','188,486.00','2,017.00'),(88,'MANUTENCAO','1,861.00','2,017.00','MEDIO E FUNDAMENTAL','','3ª PARCELA DO REPASSE CONVENCIONAL 2017','3.00','13,593.75','',''),(88,'MANUTENCAO','1,861.00','2,014.00','MEDIO','','3º REPASSE CONVENCIONAL REFERENTE AO ANO DE 2013','3.00','14,981.25','74,378.00','2,014.00'),(88,'MANUTENCAO','1,861.00','2,013.00','','','REPASSE AS CAIXA ESCOLARES PARA O DESFILE ESTUDANTIL 2013','1.00','19,185.00','7,361.00','2,013.00'),(88,'MANUTENCAO','1,861.00','2,013.00','MEDIO','','','1.00','14,981.25','7,361.00','2,014.00'),(88,'MANUTENCAO','1,861.00','2,013.00','MEDIO','','','2.00','14,981.25','5,607.00','2,013.00'),(88,'MANUTENCAO','1,861.00','2,014.00','MEDIO','','4º REPASSE CONVENCIONAL REFERENTE AO ANO DE 2013','4.00','14,981.25','74,393.00','2,014.00'),(88,'MANUTENCAO','1,861.00','2,014.00','MEDIO','','1ªPARCELA DO REPASSE CONVENCIONAL','1.00','14,631.25','9,815.00','2,015.00'),(88,'PAGAMENTO TERCEIROS','1,861.00','2,014.00','MEDIO','','REPASSE EXTRA DE RECURSO FINANCEIRO PARA CUSTEAR DESPESAS COM SERVICO DE INSTALACAO DE AR CONDICIONADO.','1.00','7,000.00','9,810.00','2,015.00'),(88,'MANUTENCAO','1,861.00','2,014.00','MEDIO','','REPASSE EXTRA DE RECURSO FINANCEIRO DESTINADO A DESPESAS COM PEQUENOS SERVICOS DE ENGENHARIA.','1.00','14,000.00','9,810.00','2,015.00'),(88,'OUTROS','1,861.00','2,014.00','MEDIO E FUNDAMENTAL','','REPASSE EXTRA DE RECURSOS FINANCEIRO PARA CUSTEAR DESPESAS NA COMPRA DE VESTIMENTAS AOS ALUNOS QUE PARTICIPACAO DO ENCONTRO NACIONAL PARLAMENTO JUVENIL DO MERCOSUL','1.00','960.00','15,117.00','2,015.00'),(88,'MANUTENCAO','1,861.00','2,014.00','MEDIO','','2ªPARCELA DO REPASSE CONVENCIONAL','2.00','14,631.25','9,815.00','2,015.00'),(88,'MANUTENCAO','1,861.00','2,014.00','','','REPASSE EXTRA DE RECURSO FINANCEIRO DESTINADO A REALIZACAO DO DESFILE ESTUDANTIL 2014.','1.00','12,339.00','9,819.00','2,015.00'),(88,'MANUTENCAO','1,861.00','2,014.00','MEDIO','','3ªPARCELA DO REPASSE CONVENCIONAL','3.00','14,631.25','18,237.00','2,015.00'),(88,'MANUTENCAO','1,861.00','2,015.00','MEDIO','','1ª PARCELA DO REPASSE CONVENCIONAL','1.00','14,012.50','20,584.00','2,016.00'),(88,'MANUTENCAO','1,861.00','2,015.00','MEDIO','','2ª PARCELA DO REPASSE CONVENCIONAL','2.00','14,012.50','20,584.00','2,016.00'),(88,'MANUTENCAO','1,861.00','2,015.00','MEDIO','','CUSTEIO DE DESPESAS COM O PROJETO JOVEM EMBAIXADOR NOS ESTADOS UNIDOS DA AMERICA.','1.00','3,840.00','221,287.00','2,016.00'),(88,'MANUTENCAO','1,861.00','2,016.00','','','1º REPASSE DO EMERGENCIAL PARA AS ESCOLAS DO ENSINO MEDIO.','1.00','2,000.00','221,303.00','2,016.00'),(88,'MANUTENCAO','1,861.00','2,016.00','MEDIO','','1ª PARCELA DO REPASSE CONVENCIONAL 2016','1.00','13,450.00','474.00','2,017.00'),(88,'MANUTENCAO','1,861.00','2,016.00','MEDIO','','2ª PARCELA DO REPASSE CONVENCIONAL 2016','2.00','13,450.00','474.00','2,017.00'),(88,'MANUTENCAO','1,861.00','2,016.00','MEDIO','','3ª PARCELA DO REPASSE CONVENCIONAL 2016','3.00','13,450.00','476.00','2,017.00'),(88,'MANUTENCAO','1,861.00','2,016.00','MEDIO','','4ª PARCELA DO REPASSE CONVENCIONAL 2016','4.00','13,450.00','476.00','2,017.00'),(88,'OUTROS','1,861.00','2,016.00','MEDIO','','REPASSE EXTRA PARA SUPRIR AS DESPESAS COM ESCOLAS DA REDE ESTADUAL QUE OBTIVERAM OS MELHORES RESULTADOS NO ENEM 2015.','1.00','10,000.00','451.00','2,017.00'),(88,'MANUTENCAO','1,861.00','2,017.00','MEDIO','','1ª PARCELA DO REPASSE CONVENCIONAL 2017','1.00','13,593.75','188,486.00','2,017.00'),(88,'MANUTENCAO','1,861.00','2,017.00','MEDIO','','2ª PARCELA DO REPASSE CONVENCIONAL 2017','2.00','13,593.75','188,486.00','2,017.00'),(88,'MANUTENCAO','1,861.00','2,017.00','MEDIO E FUNDAMENTAL','','3ª PARCELA DO REPASSE CONVENCIONAL 2017','3.00','13,593.75','',''),(88,'MANUTENCAO','1,861.00','2,014.00','MEDIO','','3º REPASSE CONVENCIONAL REFERENTE AO ANO DE 2013','3.00','14,981.25','74,378.00','2,014.00'),(88,'MANUTENCAO','1,861.00','2,013.00','','','REPASSE AS CAIXA ESCOLARES PARA O DESFILE ESTUDANTIL 2013','1.00','19,185.00','7,361.00','2,013.00'),(88,'MANUTENCAO','1,861.00','2,013.00','MEDIO','','','1.00','14,981.25','7,361.00','2,014.00'),(88,'MANUTENCAO','1,861.00','2,013.00','MEDIO','','','2.00','14,981.25','5,607.00','2,013.00'),(88,'MANUTENCAO','1,861.00','2,014.00','MEDIO','','4º REPASSE CONVENCIONAL REFERENTE AO ANO DE 2013','4.00','14,981.25','74,393.00','2,014.00'),(88,'MANUTENCAO','1,861.00','2,014.00','MEDIO','','1ªPARCELA DO REPASSE CONVENCIONAL','1.00','14,631.25','9,815.00','2,015.00'),(88,'PAGAMENTO TERCEIROS','1,861.00','2,014.00','MEDIO','','REPASSE EXTRA DE RECURSO FINANCEIRO PARA CUSTEAR DESPESAS COM SERVICO DE INSTALACAO DE AR CONDICIONADO.','1.00','7,000.00','9,810.00','2,015.00'),(88,'MANUTENCAO','1,861.00','2,014.00','MEDIO','','REPASSE EXTRA DE RECURSO FINANCEIRO DESTINADO A DESPESAS COM PEQUENOS SERVICOS DE ENGENHARIA.','1.00','14,000.00','9,810.00','2,015.00'),(88,'OUTROS','1,861.00','2,014.00','MEDIO E FUNDAMENTAL','','REPASSE EXTRA DE RECURSOS FINANCEIRO PARA CUSTEAR DESPESAS NA COMPRA DE VESTIMENTAS AOS ALUNOS QUE PARTICIPACAO DO ENCONTRO NACIONAL PARLAMENTO JUVENIL DO MERCOSUL','1.00','960.00','15,117.00','2,015.00'),(88,'MANUTENCAO','1,861.00','2,014.00','MEDIO','','2ªPARCELA DO REPASSE CONVENCIONAL','2.00','14,631.25','9,815.00','2,015.00'),(88,'MANUTENCAO','1,861.00','2,014.00','','','REPASSE EXTRA DE RECURSO FINANCEIRO DESTINADO A REALIZACAO DO DESFILE ESTUDANTIL 2014.','1.00','12,339.00','9,819.00','2,015.00'),(88,'MANUTENCAO','1,861.00','2,014.00','MEDIO','','3ªPARCELA DO REPASSE CONVENCIONAL','3.00','14,631.25','18,237.00','2,015.00'),(88,'MANUTENCAO','1,861.00','2,015.00','MEDIO','','1ª PARCELA DO REPASSE CONVENCIONAL','1.00','14,012.50','20,584.00','2,016.00'),(88,'MANUTENCAO','1,861.00','2,015.00','MEDIO','','2ª PARCELA DO REPASSE CONVENCIONAL','2.00','14,012.50','20,584.00','2,016.00'),(88,'MANUTENCAO','1,861.00','2,015.00','MEDIO','','CUSTEIO DE DESPESAS COM O PROJETO JOVEM EMBAIXADOR NOS ESTADOS UNIDOS DA AMERICA.','1.00','3,840.00','221,287.00','2,016.00'),(88,'MANUTENCAO','1,861.00','2,016.00','','','1º REPASSE DO EMERGENCIAL PARA AS ESCOLAS DO ENSINO MEDIO.','1.00','2,000.00','221,303.00','2,016.00'),(88,'MANUTENCAO','1,861.00','2,016.00','MEDIO','','1ª PARCELA DO REPASSE CONVENCIONAL 2016','1.00','13,450.00','474.00','2,017.00'),(88,'MANUTENCAO','1,861.00','2,016.00','MEDIO','','2ª PARCELA DO REPASSE CONVENCIONAL 2016','2.00','13,450.00','474.00','2,017.00'),(88,'MANUTENCAO','1,861.00','2,016.00','MEDIO','','3ª PARCELA DO REPASSE CONVENCIONAL 2016','3.00','13,450.00','476.00','2,017.00'),(88,'MANUTENCAO','1,861.00','2,016.00','MEDIO','','4ª PARCELA DO REPASSE CONVENCIONAL 2016','4.00','13,450.00','476.00','2,017.00'),(88,'OUTROS','1,861.00','2,016.00','MEDIO','','REPASSE EXTRA PARA SUPRIR AS DESPESAS COM ESCOLAS DA REDE ESTADUAL QUE OBTIVERAM OS MELHORES RESULTADOS NO ENEM 2015.','1.00','10,000.00','451.00','2,017.00'),(88,'MANUTENCAO','1,861.00','2,017.00','MEDIO','','1ª PARCELA DO REPASSE CONVENCIONAL 2017','1.00','13,593.75','188,486.00','2,017.00'),(88,'MANUTENCAO','1,861.00','2,017.00','MEDIO','','2ª PARCELA DO REPASSE CONVENCIONAL 2017','2.00','13,593.75','188,486.00','2,017.00'),(88,'MANUTENCAO','1,861.00','2,017.00','MEDIO E FUNDAMENTAL','','3ª PARCELA DO REPASSE CONVENCIONAL 2017','3.00','13,593.75','',''),(88,'MANUTENCAO','1,861.00','2,014.00','MEDIO','','3º REPASSE CONVENCIONAL REFERENTE AO ANO DE 2013','3.00','14,981.25','74,378.00','2,014.00'),(88,'MANUTENCAO','1,861.00','2,013.00','','','REPASSE AS CAIXA ESCOLARES PARA O DESFILE ESTUDANTIL 2013','1.00','19,185.00','7,361.00','2,013.00'),(88,'MANUTENCAO','1,861.00','2,013.00','MEDIO','','','1.00','14,981.25','7,361.00','2,014.00'),(367,'MANUTENCAO','2,192.00','2,014.00','FUNDAMENTAL','','2ªPARCELA DO REPASSE CONVENCIONAL','2.00','2,025.00','250,614.00','2,016.00'),(367,'MANUTENCAO','2,192.00','2,017.00','MEDIO','','1ª PARCELA DO REPASSE CONVENCIONAL 2017','1.00','2,212.50','241,957.00','2,017.00'),(367,'MANUTENCAO','2,192.00','2,015.00','MEDIO','','1ª PARCELA DO REPASSE CONVENCIONAL','1.00','2,143.75','250,619.00','2,016.00'),(367,'MANUTENCAO','2,192.00','2,015.00','MEDIO','','1ª PARCELA DO REPASSE CONVENCIONAL','1.00','2,143.75','250,619.00','2,016.00'),(367,'MANUTENCAO','2,192.00','2,015.00','FUNDAMENTAL','','1ª PARCELA DO REPASSE CONVENCIONAL','1.00','2,125.00','250,619.00','2,016.00'),(367,'OUTROS','2,192.00','2,016.00','MEDIO','','REPASSE EXTRA PARA DESPESAS COM ESCOLA QUE OBTIVERAM OS MELHORES RESULTADOS NO ENEM 2016.','1.00','10,000.00','83,942.00','2,017.00'),(367,'MANUTENCAO','2,192.00','2,017.00','MEDIO','','2ª PARCELA DO REPASSE CONVENCIONAL 2017','2.00','2,212.50','241,957.00','2,017.00'),(367,'MANUTENCAO','2,192.00','2,017.00','MEDIO','','1ª PARCELA DO REPASSE CONVENCIONAL 2017','1.00','2,212.50','241,957.00','2,017.00'),(367,'MANUTENCAO','2,192.00','2,016.00','','','SEGUNDO REPASSE EMERGENCIAL PARA ESCOLAS DE ENSINO FUNDAMENTAL E MEDIO.','1.00','2,000.00','19,285.00','2,017.00'),(367,'MANUTENCAO','2,192.00','2,017.00','FUNDAMENTAL','','1ª PARCELA DO REPASSE CONVENCIONAL 2017','1.00','2,243.75','241,957.00','2,017.00'),(367,'OUTROS','2,192.00','2,016.00','MEDIO','','REPASSE EXTRA PARA DESPESAS COM ESCOLA QUE OBTIVERAM OS MELHORES RESULTADOS NO ENEM 2016.','1.00','10,000.00','83,942.00','2,017.00'),(367,'MANUTENCAO','2,192.00','2,017.00','MEDIO','','2ª PARCELA DO REPASSE CONVENCIONAL 2017','2.00','2,212.50','241,957.00','2,017.00'),(367,'MANUTENCAO','2,192.00','2,017.00','FUNDAMENTAL','','2ª PARCELA DO REPASSE CONVENCIONAL 2017','2.00','2,243.75','241,957.00','2,017.00'),(367,'MANUTENCAO','2,192.00','2,015.00','FUNDAMENTAL','','1ª PARCELA DO REPASSE CONVENCIONAL','1.00','2,125.00','250,619.00','2,016.00'),(367,'OUTROS','2,192.00','2,016.00','MEDIO','','REPASSE EXTRA PARA DESPESAS COM ESCOLA QUE OBTIVERAM OS MELHORES RESULTADOS NO ENEM 2016.','1.00','10,000.00','83,942.00','2,017.00'),(367,'MANUTENCAO','2,192.00','2,017.00','MEDIO','','1ª PARCELA DO REPASSE CONVENCIONAL 2017','1.00','2,212.50','241,957.00','2,017.00'),(367,'MANUTENCAO','2,192.00','2,017.00','MEDIO','','1ª PARCELA DO REPASSE CONVENCIONAL 2017','1.00','2,212.50','',''),(367,'MANUTENCAO','2,192.00','2,017.00','FUNDAMENTAL','','1ª PARCELA DO REPASSE CONVENCIONAL 2017','1.00','2,243.75','',''),(367,'MANUTENCAO','2,192.00','2,017.00','FUNDAMENTAL','','1ª PARCELA DO REPASSE CONVENCIONAL 2017','1.00','2,243.75','241,957.00','2,017.00'),(367,'MANUTENCAO','2,192.00','2,017.00','MEDIO','','2ª PARCELA DO REPASSE CONVENCIONAL 2017','2.00','2,212.50','',''),(367,'MANUTENCAO','2,192.00','2,017.00','FUNDAMENTAL','','2ª PARCELA DO REPASSE CONVENCIONAL 2017','2.00','2,243.75','',''),(367,'MANUTENCAO','2,192.00','2,017.00','FUNDAMENTAL','','2ª PARCELA DO REPASSE CONVENCIONAL 2017','2.00','2,243.75','241,957.00','2,017.00'),(367,'MANUTENCAO','2,192.00','2,017.00','MEDIO','','2ª PARCELA DO REPASSE CONVENCIONAL 2017','2.00','2,212.50','241,957.00','2,017.00'),(367,'MANUTENCAO','2,192.00','2,017.00','FUNDAMENTAL','','2ª PARCELA DO REPASSE CONVENCIONAL 2017','2.00','2,243.75','241,957.00','2,017.00'),(367,'MANUTENCAO','2,192.00','2,017.00','FUNDAMENTAL','','1ª PARCELA DO REPASSE CONVENCIONAL 2017','1.00','2,243.75','241,957.00','2,017.00'),(367,'MANUTENCAO','2,192.00','2,017.00','FUNDAMENTAL','','2ª PARCELA DO REPASSE CONVENCIONAL 2017','2.00','2,243.75','241,957.00','2,017.00'),(367,'MANUTENCAO','2,192.00','2,016.00','','','SEGUNDO REPASSE EMERGENCIAL PARA ESCOLAS DE ENSINO FUNDAMENTAL E MEDIO.','1.00','2,000.00','19,285.00','2,017.00'),(367,'MANUTENCAO','2,192.00','2,016.00','','','SEGUNDO REPASSE EMERGENCIAL PARA ESCOLAS DE ENSINO FUNDAMENTAL E MEDIO.','1.00','2,000.00','19,285.00','2,017.00'),(367,'MANUTENCAO','2,192.00','2,014.00','FUNDAMENTAL','','2ªPARCELA DO REPASSE CONVENCIONAL','2.00','2,025.00','250,614.00','2,016.00'),(367,'OUTROS','2,192.00','2,016.00','MEDIO','','REPASSE EXTRA PARA DESPESAS COM ESCOLA QUE OBTIVERAM OS MELHORES RESULTADOS NO ENEM 2016.','1.00','10,000.00','83,942.00','2,017.00'),(367,'MANUTENCAO','2,192.00','2,014.00','FUNDAMENTAL','','2ªPARCELA DO REPASSE CONVENCIONAL','2.00','2,025.00','250,614.00','2,016.00'),(367,'MANUTENCAO','2,192.00','2,015.00','MEDIO','','1ª PARCELA DO REPASSE CONVENCIONAL','1.00','2,143.75','250,619.00','2,016.00'),(367,'MANUTENCAO','2,192.00','2,015.00','MEDIO','','1ª PARCELA DO REPASSE CONVENCIONAL','1.00','2,143.75','250,619.00','2,016.00'),(367,'MANUTENCAO','2,192.00','2,014.00','FUNDAMENTAL','','2ªPARCELA DO REPASSE CONVENCIONAL','2.00','2,025.00','250,614.00','2,016.00'),(367,'MANUTENCAO','2,192.00','2,017.00','MEDIO','','2ª PARCELA DO REPASSE CONVENCIONAL 2017','2.00','2,212.50','241,957.00','2,017.00'),(367,'MANUTENCAO','2,192.00','2,015.00','MEDIO','','1ª PARCELA DO REPASSE CONVENCIONAL','1.00','2,143.75','250,619.00','2,016.00'),(367,'MANUTENCAO','2,192.00','2,015.00','FUNDAMENTAL','','1ª PARCELA DO REPASSE CONVENCIONAL','1.00','2,125.00','250,619.00','2,016.00'),(367,'MANUTENCAO','2,192.00','2,015.00','FUNDAMENTAL','','1ª PARCELA DO REPASSE CONVENCIONAL','1.00','2,125.00','250,619.00','2,016.00'),(367,'OUTROS','2,192.00','2,016.00','MEDIO','','REPASSE EXTRA PARA DESPESAS COM ESCOLA QUE OBTIVERAM OS MELHORES RESULTADOS NO ENEM 2016.','1.00','10,000.00','83,942.00','2,017.00'),(367,'MANUTENCAO','2,192.00','2,015.00','FUNDAMENTAL','','1ª PARCELA DO REPASSE CONVENCIONAL','1.00','2,125.00','250,619.00','2,016.00'),(367,'MANUTENCAO','2,192.00','2,017.00','MEDIO','','1ª PARCELA DO REPASSE CONVENCIONAL 2017','1.00','2,212.50','241,957.00','2,017.00'),(367,'MANUTENCAO','2,192.00','2,016.00','','','SEGUNDO REPASSE EMERGENCIAL PARA ESCOLAS DE ENSINO FUNDAMENTAL E MEDIO.','1.00','2,000.00','19,285.00','2,017.00'),(367,'MANUTENCAO','2,192.00','2,016.00','','','SEGUNDO REPASSE EMERGENCIAL PARA ESCOLAS DE ENSINO FUNDAMENTAL E MEDIO.','1.00','2,000.00','19,285.00','2,017.00'),(367,'MANUTENCAO','2,192.00','2,017.00','FUNDAMENTAL','','1ª PARCELA DO REPASSE CONVENCIONAL 2017','1.00','2,243.75','241,957.00','2,017.00'),(367,'MANUTENCAO','2,192.00','2,014.00','FUNDAMENTAL','','2ªPARCELA DO REPASSE CONVENCIONAL','2.00','2,025.00','250,614.00','2,016.00');
/*!40000 ALTER TABLE `tblrepasses` ENABLE KEYS */;
UNLOCK TABLES;

--
-- Table structure for table `tblterceirizados`
--

DROP TABLE IF EXISTS `tblterceirizados`;
/*!40101 SET @saved_cs_client     = @@character_set_client */;
/*!40101 SET character_set_client = utf8 */;
CREATE TABLE `tblterceirizados` (
  `codigo_imovel` int(11) DEFAULT NULL,
  `tipo` varchar(45) DEFAULT NULL,
  `posto_trabalho` varchar(45) DEFAULT NULL,
  `quantidade` int(11) DEFAULT NULL,
  `valor_unitario` varchar(45) DEFAULT NULL,
  `data_ultima_atualizacao` varchar(45) DEFAULT NULL,
  KEY `fk_tblterceirizados_1_idx` (`codigo_imovel`),
  CONSTRAINT `fk_tblterceirizados_1` FOREIGN KEY (`codigo_imovel`) REFERENCES `tblimovel` (`codigo`) ON DELETE NO ACTION ON UPDATE NO ACTION
) ENGINE=InnoDB DEFAULT CHARSET=latin1;
/*!40101 SET character_set_client = @saved_cs_client */;

--
-- Dumping data for table `tblterceirizados`
--

LOCK TABLES `tblterceirizados` WRITE;
/*!40000 ALTER TABLE `tblterceirizados` DISABLE KEYS */;
INSERT INTO `tblterceirizados` VALUES (88,'LIMPEZA','40H SEMANAIS',7,'2,092.37','2017/08/18 16:38:35.820000000'),(88,'MERENDEIRA','40H SEMANAIS',2,'2,347.01','2017/08/18 16:50:37.493000000'),(88,'VIGILANCIA','DIURNO ARMADO',2,'7,076.96','2017/08/18 17:19:06.210000000'),(88,'VIGILANCIA','NOTURNO ARMADO',2,'8,447.93','2017/08/18 17:20:09.287000000'),(367,'MERENDEIRA','40H SEMANAIS',1,'2,347.01','2017/08/18 16:50:37.493000000'),(367,'VIGILANCIA','NOTURNO ARMADO',1,'8,447.93','2017/08/18 17:20:09.287000000');
/*!40000 ALTER TABLE `tblterceirizados` ENABLE KEYS */;
UNLOCK TABLES;
/*!40103 SET TIME_ZONE=@OLD_TIME_ZONE */;

/*!40101 SET SQL_MODE=@OLD_SQL_MODE */;
/*!40014 SET FOREIGN_KEY_CHECKS=@OLD_FOREIGN_KEY_CHECKS */;
/*!40014 SET UNIQUE_CHECKS=@OLD_UNIQUE_CHECKS */;
/*!40101 SET CHARACTER_SET_CLIENT=@OLD_CHARACTER_SET_CLIENT */;
/*!40101 SET CHARACTER_SET_RESULTS=@OLD_CHARACTER_SET_RESULTS */;
/*!40101 SET COLLATION_CONNECTION=@OLD_COLLATION_CONNECTION */;
/*!40111 SET SQL_NOTES=@OLD_SQL_NOTES */;

-- Dump completed on 2019-01-03 15:09:04
